sample,gene,func,value,mutation
5/4,AIFM1,Apoptosis,0.0794751,NULL
8/3 clone 3,AIFM1,Apoptosis,-0.0560588,NULL
8/3 clone 4,AIFM1,Apoptosis,-0.0639697,NULL
5/4,ANP32A,Apoptosis,-0.509277,NULL
8/3 clone 3,ANP32A,Apoptosis,0.178814,chr15 69071514 GA>G UTR_3_PRIME
8/3 clone 4,ANP32A,Apoptosis,-0.0878795,chr15 69071514 GA>G UTR_3_PRIME
5/4,APAF1,Apoptosis,0.654363,NULL
8/3 clone 3,APAF1,Apoptosis,0.0629459,NULL
8/3 clone 4,APAF1,Apoptosis,0.187441,NULL
5/4,APOPT1,Apoptosis,-0.12458,NULL
8/3 clone 3,APOPT1,Apoptosis,-0.109473,NULL
8/3 clone 4,APOPT1,Apoptosis,0.120067,chr14 104029449 G>A SYNONYMOUS_CODING
5/4,BAD,Apoptosis,0.0434465,NULL
8/3 clone 3,BAD,Apoptosis,0.217329,NULL
8/3 clone 4,BAD,Apoptosis,0.115038,NULL
5/4,BAK1,Apoptosis,-0.0850247,NULL
8/3 clone 3,BAK1,Apoptosis,0.0340874,NULL
8/3 clone 4,BAK1,Apoptosis,0.145208,NULL
5/4,BAX,Apoptosis,-0.385278,NULL
8/3 clone 3,BAX,Apoptosis,0.0277571,chr19 49459104 A>G INTRON
8/3 clone 4,BAX,Apoptosis,-0.110623,NULL
5/4,BBC3,Apoptosis,-0.108026,NULL
8/3 clone 3,BBC3,Apoptosis,-0.138162,NULL
8/3 clone 4,BBC3,Apoptosis,-0.0424351,NULL
5/4,BCL2,Apoptosis,0.710043,NULL
8/3 clone 3,BCL2,Apoptosis,0.294486,NULL
8/3 clone 4,BCL2,Apoptosis,-0.105766,NULL
5/4,BCL2L1,Apoptosis,0.762541,NULL
8/3 clone 3,BCL2L1,Apoptosis,-0.178983,NULL
8/3 clone 4,BCL2L1,Apoptosis,0.31248,NULL
5/4,BCL2L11,Apoptosis,0.32136,NULL
8/3 clone 3,BCL2L11,Apoptosis,-0.0404591,NULL
8/3 clone 4,BCL2L11,Apoptosis,-0.211716,NULL
5/4,BID,Apoptosis,-0.397959,NULL
8/3 clone 3,BID,Apoptosis,-0.0475981,NULL
8/3 clone 4,BID,Apoptosis,0.00813488,NULL
5/4,BIK,Apoptosis,-1.10509,NULL
8/3 clone 3,BIK,Apoptosis,0.0930047,NULL
8/3 clone 4,BIK,Apoptosis,0.284175,NULL
5/4,CASP3,Apoptosis,0.0695481,NULL
8/3 clone 3,CASP3,Apoptosis,0.0744683,NULL
8/3 clone 4,CASP3,Apoptosis,-0.0146694,NULL
5/4,CASP7,Apoptosis,0.384357,NULL
8/3 clone 3,CASP7,Apoptosis,0.225192,chr10 115489152 C>G NON_SYNONYMOUS_CODING | chr10 115489167 G>A NON_SYNONYMOUS_CODING
8/3 clone 4,CASP7,Apoptosis,0.17878,NULL
5/4,CASP9,Apoptosis,0.248531,NULL
8/3 clone 3,CASP9,Apoptosis,0.229851,NULL
8/3 clone 4,CASP9,Apoptosis,0.303798,NULL
5/4,CDK1,Apoptosis,-0.114041,NULL
8/3 clone 3,CDK1,Apoptosis,-0.0745085,chr10 62554500 G>A UTR_3_PRIME
8/3 clone 4,CDK1,Apoptosis,-0.0397718,chr10 62554500 G>A UTR_3_PRIME
5/4,CYCS,Apoptosis,-0.166176,NULL
8/3 clone 3,CYCS,Apoptosis,-0.0875371,NULL
8/3 clone 4,CYCS,Apoptosis,-0.194029,NULL
5/4,DIABLO,Apoptosis,-0.0464246,NULL
8/3 clone 3,DIABLO,Apoptosis,-0.00639964,NULL
8/3 clone 4,DIABLO,Apoptosis,0.0315832,NULL
5/4,DNM1,Apoptosis,0.394088,NULL
8/3 clone 3,DNM1,Apoptosis,-0.194754,NULL
8/3 clone 4,DNM1,Apoptosis,-0.208299,NULL
5/4,EIF3M,Apoptosis,-0.322861,NULL
8/3 clone 3,EIF3M,Apoptosis,-0.147213,NULL
8/3 clone 4,EIF3M,Apoptosis,-0.302734,NULL
5/4,HTRA2,Apoptosis,-0.419948,NULL
8/3 clone 3,HTRA2,Apoptosis,-0.113392,NULL
8/3 clone 4,HTRA2,Apoptosis,-0.0706354,NULL
5/4,MAPK1,Apoptosis,0.166905,chr22 22117726 CT/C: DEL: 3'UTR
8/3 clone 3,MAPK1,Apoptosis,0.0906963,chr22 22115353 G>A UTR_3_PRIME | chr22 22115498 T>C UTR_3_PRIME | chr22 22115886 C>T UTR_3_PRIME | chr22 22116128 AG>A UTR_3_PRIME | chr22 22116202 C>G UTR_3_PRIME | chr22 22116467 C>T UTR_3_PRIME
8/3 clone 4,MAPK1,Apoptosis,0.0912568,chr22 22115353 G>A UTR_3_PRIME | chr22 22115886 C>T UTR_3_PRIME | chr22 22116128 AG>A UTR_3_PRIME | chr22 22116202 C>G UTR_3_PRIME | chr22 22116467 C>T UTR_3_PRIME
5/4,MAPK3,Apoptosis,-0.161506,NULL
8/3 clone 3,MAPK3,Apoptosis,0.167773,NULL
8/3 clone 4,MAPK3,Apoptosis,0.144985,NULL
5/4,MCL1,Apoptosis,-0.0976532,NULL
8/3 clone 3,MCL1,Apoptosis,0.10381,NULL
8/3 clone 4,MCL1,Apoptosis,-0.0701898,NULL
5/4,PMAIP1,Apoptosis,0.761637,NULL
8/3 clone 3,PMAIP1,Apoptosis,0.171983,NULL
8/3 clone 4,PMAIP1,Apoptosis,-0.00788535,NULL
5/4,PPIA,Apoptosis,-0.210224,NULL
8/3 clone 3,PPIA,Apoptosis,-0.161004,chr7 44841245 AAG>A UTR_3_PRIME | chr7 44842421 A>G UTR_3_PRIME | chr7 44842432 GAA>G UTR_3_PRIME
8/3 clone 4,PPIA,Apoptosis,0.0114526,chr7 44841245 AAG>A UTR_3_PRIME | chr7 44842421 A>G UTR_3_PRIME | chr7 44842432 GAA>G UTR_3_PRIME
5/4,PPIF,Apoptosis,-0.782612,NULL
8/3 clone 3,PPIF,Apoptosis,-0.0461717,NULL
8/3 clone 4,PPIF,Apoptosis,-0.292659,NULL
5/4,SLC25A4,Apoptosis,0.0630546,NULL
8/3 clone 3,SLC25A4,Apoptosis,-0.284554,NULL
8/3 clone 4,SLC25A4,Apoptosis,-0.0905935,NULL
5/4,SLC25A5,Apoptosis,-0.417006,NULL
8/3 clone 3,SLC25A5,Apoptosis,-0.159281,NULL
8/3 clone 4,SLC25A5,Apoptosis,-0.161661,NULL
5/4,SLC25A6,Apoptosis,0,NULL
8/3 clone 3,SLC25A6,Apoptosis,-0.104808,NULL
8/3 clone 4,SLC25A6,Apoptosis,-0.114948,NULL
5/4,TP53,Apoptosis,-0.527106,NULL
8/3 clone 3,TP53,Apoptosis,0.0677488,NULL
8/3 clone 4,TP53,Apoptosis,-0.0378891,NULL
5/4,VDAC1,Apoptosis,1.02475,NULL
8/3 clone 3,VDAC1,Apoptosis,0.0301413,NULL
8/3 clone 4,VDAC1,Apoptosis,-0.177543,NULL
5/4,VDAC2,Apoptosis,0.0746252,NULL
8/3 clone 3,VDAC2,Apoptosis,-0.209587,NULL
8/3 clone 4,VDAC2,Apoptosis,-0.0157956,NULL
5/4,VDAC3,Apoptosis,0.0394704,NULL
8/3 clone 3,VDAC3,Apoptosis,0.52707,NULL
8/3 clone 4,VDAC3,Apoptosis,0.657912,NULL
5/4,XIAP,Apoptosis,0.319264,NULL
8/3 clone 3,XIAP,Apoptosis,0.0629009,NULL
8/3 clone 4,XIAP,Apoptosis,0.0571383,NULL
5/4,C22orf32,Calcium trafficking,-0.194737,NULL
8/3 clone 3,C22orf32,Calcium trafficking,-0.384876,NULL
8/3 clone 4,C22orf32,Calcium trafficking,-0.180246,NULL
5/4,CCDC109B,Calcium trafficking,0.672219,NULL
8/3 clone 3,CCDC109B,Calcium trafficking,-0.0686486,NULL
8/3 clone 4,CCDC109B,Calcium trafficking,0.00468975,NULL
5/4,CCDC90A,Calcium trafficking,0.173563,NULL
8/3 clone 3,CCDC90A,Calcium trafficking,-0.203082,NULL
8/3 clone 4,CCDC90A,Calcium trafficking,0.0309917,NULL
5/4,EFHA1,Calcium trafficking,0.344548,NULL
8/3 clone 3,EFHA1,Calcium trafficking,0.0790095,NULL
8/3 clone 4,EFHA1,Calcium trafficking,0.0941747,NULL
5/4,EFHA2,Calcium trafficking,0,NULL
8/3 clone 3,EFHA2,Calcium trafficking,5.6219,NULL
8/3 clone 4,EFHA2,Calcium trafficking,6.58875,NULL
5/4,ITPR1,Calcium trafficking,0.641122,NULL
8/3 clone 3,ITPR1,Calcium trafficking,0.155274,NULL
8/3 clone 4,ITPR1,Calcium trafficking,-0.0970921,NULL
5/4,ITPR2,Calcium trafficking,0.053945,NULL
8/3 clone 3,ITPR2,Calcium trafficking,-0.440441,NULL
8/3 clone 4,ITPR2,Calcium trafficking,-0.241855,NULL
5/4,ITPR3,Calcium trafficking,-0.317013,NULL
8/3 clone 3,ITPR3,Calcium trafficking,0.162849,chr6 33653448 C>T SYNONYMOUS_CODING
8/3 clone 4,ITPR3,Calcium trafficking,-0.036393,chr6 33653448 C>T SYNONYMOUS_CODING
5/4,LETM1,Calcium trafficking,-0.116475,NULL
8/3 clone 3,LETM1,Calcium trafficking,0.0548258,NULL
8/3 clone 4,LETM1,Calcium trafficking,-0.0469126,chr4 1815990 G>A UTR_3_PRIME
5/4,MCU,Calcium trafficking,-0.234342,NULL
8/3 clone 3,MCU,Calcium trafficking,0.0298419,NULL
8/3 clone 4,MCU,Calcium trafficking,-0.0125512,NULL
5/4,MICU1,Calcium trafficking,-0.135485,NULL
8/3 clone 3,MICU1,Calcium trafficking,-0.127083,chr10 74127374 C>T UTR_3_PRIME
8/3 clone 4,MICU1,Calcium trafficking,0.0638281,chr10 74127374 C>T UTR_3_PRIME
5/4,PACS2,Calcium trafficking,-0.0529677,NULL
8/3 clone 3,PACS2,Calcium trafficking,0.172346,NULL
8/3 clone 4,PACS2,Calcium trafficking,0.113135,NULL
5/4,PML,Calcium trafficking,0.658306,NULL
8/3 clone 3,PML,Calcium trafficking,0.0534275,NULL
8/3 clone 4,PML,Calcium trafficking,-0.0834846,NULL
5/4,SIGMAR1,Calcium trafficking,-0.757161,NULL
8/3 clone 3,SIGMAR1,Calcium trafficking,0.205712,NULL
8/3 clone 4,SIGMAR1,Calcium trafficking,-0.182379,NULL
5/4,SLC24A6,Calcium trafficking,-0.122937,NULL
8/3 clone 3,SLC24A6,Calcium trafficking,0.0626428,NULL
8/3 clone 4,SLC24A6,Calcium trafficking,-0.0284989,NULL
5/4,TCHP,Calcium trafficking,-0.0897375,NULL
8/3 clone 3,TCHP,Calcium trafficking,0.247734,NULL
8/3 clone 4,TCHP,Calcium trafficking,0.0635917,NULL
5/4,CDS1,Cardiolipin biosynthesis,-2.01287,NULL
8/3 clone 3,CDS1,Cardiolipin biosynthesis,0.10683,chr4 85570767 C>T UTR_3_PRIME
8/3 clone 4,CDS1,Cardiolipin biosynthesis,0.0421188,NULL
5/4,CRLS1,Cardiolipin biosynthesis,0.0476958,NULL
8/3 clone 3,CRLS1,Cardiolipin biosynthesis,-0.196969,NULL
8/3 clone 4,CRLS1,Cardiolipin biosynthesis,-0.242873,NULL
5/4,PGS1,Cardiolipin biosynthesis,-0.529839,NULL
8/3 clone 3,PGS1,Cardiolipin biosynthesis,-0.0160405,NULL
8/3 clone 4,PGS1,Cardiolipin biosynthesis,-0.0522257,NULL
5/4,PTPMT1,Cardiolipin biosynthesis,-0.144993,NULL
8/3 clone 3,PTPMT1,Cardiolipin biosynthesis,0.135071,NULL
8/3 clone 4,PTPMT1,Cardiolipin biosynthesis,-0.0480542,NULL
5/4,TAZ,Cardiolipin biosynthesis,0.396034,NULL
8/3 clone 3,TAZ,Cardiolipin biosynthesis,0.400215,NULL
8/3 clone 4,TAZ,Cardiolipin biosynthesis,0.141373,NULL
5/4,ACAD9,Electron transport chain,0.0404127,NULL
8/3 clone 3,ACAD9,Electron transport chain,0.133195,NULL
8/3 clone 4,ACAD9,Electron transport chain,-0.0304927,NULL
5/4,ATP5A1,Electron transport chain,-0.048915,NULL
8/3 clone 3,ATP5A1,Electron transport chain,-0.0633035,NULL
8/3 clone 4,ATP5A1,Electron transport chain,0.0283794,NULL
5/4,ATP5B,Electron transport chain,-0.0078071,NULL
8/3 clone 3,ATP5B,Electron transport chain,-0.0996378,NULL
8/3 clone 4,ATP5B,Electron transport chain,0.0237488,NULL
5/4,ATP5C1,Electron transport chain,0.139889,NULL
8/3 clone 3,ATP5C1,Electron transport chain,-0.15748,NULL
8/3 clone 4,ATP5C1,Electron transport chain,-0.0927877,NULL
5/4,ATP5D,Electron transport chain,-0.367231,NULL
8/3 clone 3,ATP5D,Electron transport chain,0.0867114,NULL
8/3 clone 4,ATP5D,Electron transport chain,-0.280493,NULL
5/4,ATP5E,Electron transport chain,0,NULL
8/3 clone 3,ATP5E,Electron transport chain,-0.00949438,NULL
8/3 clone 4,ATP5E,Electron transport chain,0.00416477,NULL
5/4,ATP5F1,Electron transport chain,-0.171626,NULL
8/3 clone 3,ATP5F1,Electron transport chain,-0.0116705,NULL
8/3 clone 4,ATP5F1,Electron transport chain,-0.0781282,NULL
5/4,ATP5G1,Electron transport chain,-0.776189,NULL
8/3 clone 3,ATP5G1,Electron transport chain,0.193034,NULL
8/3 clone 4,ATP5G1,Electron transport chain,-0.0796746,NULL
5/4,ATP5G2,Electron transport chain,0.115551,NULL
8/3 clone 3,ATP5G2,Electron transport chain,-0.0925765,NULL
8/3 clone 4,ATP5G2,Electron transport chain,0.032902,NULL
5/4,ATP5G3,Electron transport chain,-0.085599,NULL
8/3 clone 3,ATP5G3,Electron transport chain,-0.153571,chr2 176043097 A>G SYNONYMOUS_CODING
8/3 clone 4,ATP5G3,Electron transport chain,-0.0639379,chr2 176043097 A>G SYNONYMOUS_CODING
5/4,ATP5H,Electron transport chain,-0.135113,NULL
8/3 clone 3,ATP5H,Electron transport chain,-0.0576427,NULL
8/3 clone 4,ATP5H,Electron transport chain,-0.0874471,NULL
5/4,ATP5I,Electron transport chain,-0.0939749,NULL
8/3 clone 3,ATP5I,Electron transport chain,0.0699783,NULL
8/3 clone 4,ATP5I,Electron transport chain,-0.0456102,NULL
5/4,ATP5J,Electron transport chain,-0.0177089,NULL
8/3 clone 3,ATP5J,Electron transport chain,-0.117343,NULL
8/3 clone 4,ATP5J,Electron transport chain,-0.139744,NULL
5/4,ATP5J2,Electron transport chain,0,NULL
8/3 clone 3,ATP5J2,Electron transport chain,0.00676316,NULL
8/3 clone 4,ATP5J2,Electron transport chain,-0.0531182,NULL
5/4,ATP5L,Electron transport chain,-0.0112388,NULL
8/3 clone 3,ATP5L,Electron transport chain,-0.200795,NULL
8/3 clone 4,ATP5L,Electron transport chain,-0.0980944,NULL
5/4,ATP5O,Electron transport chain,0.0511595,NULL
8/3 clone 3,ATP5O,Electron transport chain,-0.101413,NULL
8/3 clone 4,ATP5O,Electron transport chain,-0.202999,NULL
5/4,ATPAF1,Electron transport chain,-0.267055,NULL
8/3 clone 3,ATPAF1,Electron transport chain,0.0651838,NULL
8/3 clone 4,ATPAF1,Electron transport chain,-0.161207,NULL
5/4,ATPAF2,Electron transport chain,0.0830032,NULL
8/3 clone 3,ATPAF2,Electron transport chain,-0.0838006,NULL
8/3 clone 4,ATPAF2,Electron transport chain,-0.102574,NULL
5/4,ATPIF1,Electron transport chain,-0.598401,NULL
8/3 clone 3,ATPIF1,Electron transport chain,0.0226094,NULL
8/3 clone 4,ATPIF1,Electron transport chain,0.0149309,NULL
5/4,BCS1L,Electron transport chain,-0.127617,NULL
8/3 clone 3,BCS1L,Electron transport chain,0.282542,NULL
8/3 clone 4,BCS1L,Electron transport chain,-0.0521047,NULL
5/4,C1orf31,Electron transport chain,-0.544031,NULL
8/3 clone 3,C1orf31,Electron transport chain,-0.205637,NULL
8/3 clone 4,C1orf31,Electron transport chain,-0.0796426,NULL
5/4,C20orf7,Electron transport chain,-0.235815,NULL
8/3 clone 3,C20orf7,Electron transport chain,-0.00263886,NULL
8/3 clone 4,C20orf7,Electron transport chain,0.0544652,NULL
5/4,C2orf56,Electron transport chain,-0.0301428,NULL
8/3 clone 3,C2orf56,Electron transport chain,-0.0958033,NULL
8/3 clone 4,C2orf56,Electron transport chain,-0.204755,NULL
5/4,C7orf44,Electron transport chain,-0.207534,NULL
8/3 clone 3,C7orf44,Electron transport chain,-0.0190971,NULL
8/3 clone 4,C7orf44,Electron transport chain,-0.0104869,NULL
5/4,C8orf38,Electron transport chain,-0.526286,NULL
8/3 clone 3,C8orf38,Electron transport chain,0.221969,NULL
8/3 clone 4,C8orf38,Electron transport chain,0.367178,NULL
5/4,CCDC56,Electron transport chain,0.178017,NULL
8/3 clone 3,CCDC56,Electron transport chain,0.0680842,NULL
8/3 clone 4,CCDC56,Electron transport chain,0.143628,NULL
5/4,CHCHD8,Electron transport chain,-0.656802,NULL
8/3 clone 3,CHCHD8,Electron transport chain,0.00436109,NULL
8/3 clone 4,CHCHD8,Electron transport chain,-0.15832,NULL
5/4,COA5,Electron transport chain,0.185096,NULL
8/3 clone 3,COA5,Electron transport chain,-0.20882,NULL
8/3 clone 4,COA5,Electron transport chain,-0.313539,NULL
5/4,COX10,Electron transport chain,0.203264,NULL
8/3 clone 3,COX10,Electron transport chain,0.107801,NULL
8/3 clone 4,COX10,Electron transport chain,-0.0525018,NULL
5/4,COX11,Electron transport chain,-0.75564,NULL
8/3 clone 3,COX11,Electron transport chain,-0.0973843,NULL
8/3 clone 4,COX11,Electron transport chain,-0.0629839,NULL
5/4,COX14,Electron transport chain,-0.359788,NULL
8/3 clone 3,COX14,Electron transport chain,-0.0428244,NULL
8/3 clone 4,COX14,Electron transport chain,-0.00146884,NULL
5/4,COX15,Electron transport chain,-0.199316,NULL
8/3 clone 3,COX15,Electron transport chain,-0.0127653,NULL
8/3 clone 4,COX15,Electron transport chain,-0.199195,NULL
5/4,COX17,Electron transport chain,-0.198717,NULL
8/3 clone 3,COX17,Electron transport chain,0.10206,NULL
8/3 clone 4,COX17,Electron transport chain,0.0454067,NULL
5/4,COX18,Electron transport chain,-0.322207,NULL
8/3 clone 3,COX18,Electron transport chain,0.0723674,NULL
8/3 clone 4,COX18,Electron transport chain,-0.0143549,NULL
5/4,COX19,Electron transport chain,-0.199387,NULL
8/3 clone 3,COX19,Electron transport chain,0.232157,NULL
8/3 clone 4,COX19,Electron transport chain,0.0523711,NULL
5/4,COX20,Electron transport chain,1.09111,NULL
8/3 clone 3,COX20,Electron transport chain,-0.167082,NULL
8/3 clone 4,COX20,Electron transport chain,0.189542,NULL
5/4,COX4I1,Electron transport chain,0.12014,NULL
8/3 clone 3,COX4I1,Electron transport chain,-0.0803013,NULL
8/3 clone 4,COX4I1,Electron transport chain,-0.068013,NULL
5/4,COX5A,Electron transport chain,-0.258858,NULL
8/3 clone 3,COX5A,Electron transport chain,-0.020399,NULL
8/3 clone 4,COX5A,Electron transport chain,-0.19911,NULL
5/4,COX5B,Electron transport chain,0.0459029,NULL
8/3 clone 3,COX5B,Electron transport chain,-0.0584249,NULL
8/3 clone 4,COX5B,Electron transport chain,-0.175582,NULL
5/4,COX6A1,Electron transport chain,-0.212867,NULL
8/3 clone 3,COX6A1,Electron transport chain,-0.13455,NULL
8/3 clone 4,COX6A1,Electron transport chain,-0.134194,NULL
5/4,COX6B1,Electron transport chain,0.0845937,NULL
8/3 clone 3,COX6B1,Electron transport chain,-0.0570404,NULL
8/3 clone 4,COX6B1,Electron transport chain,-0.0130243,NULL
5/4,COX6B2,Electron transport chain,-0.470369,NULL
8/3 clone 3,COX6B2,Electron transport chain,0.638819,NULL
8/3 clone 4,COX6B2,Electron transport chain,0.403943,NULL
5/4,COX6C,Electron transport chain,0.257416,NULL
8/3 clone 3,COX6C,Electron transport chain,0.209527,NULL
8/3 clone 4,COX6C,Electron transport chain,0.22578,NULL
5/4,COX7A2,Electron transport chain,0.00585078,NULL
8/3 clone 3,COX7A2,Electron transport chain,-0.233721,NULL
8/3 clone 4,COX7A2,Electron transport chain,0.0428264,NULL
5/4,COX7B,Electron transport chain,0.196053,NULL
8/3 clone 3,COX7B,Electron transport chain,-0.0291745,NULL
8/3 clone 4,COX7B,Electron transport chain,-0.0921356,NULL
5/4,COX7C,Electron transport chain,0.668317,NULL
8/3 clone 3,COX7C,Electron transport chain,-0.204456,NULL
8/3 clone 4,COX7C,Electron transport chain,-0.0982152,NULL
5/4,COX8A,Electron transport chain,0.123804,NULL
8/3 clone 3,COX8A,Electron transport chain,-0.0632497,NULL
8/3 clone 4,COX8A,Electron transport chain,0.0655758,NULL
5/4,CYC1,Electron transport chain,0.0755787,chr8 145151091 G/A: SNP: Missense_Mutation
8/3 clone 3,CYC1,Electron transport chain,0.012151,NULL
8/3 clone 4,CYC1,Electron transport chain,0.207579,NULL
5/4,ECSIT,Electron transport chain,0,NULL
8/3 clone 3,ECSIT,Electron transport chain,-0.133299,NULL
8/3 clone 4,ECSIT,Electron transport chain,-0.197428,NULL
5/4,FOXRED1,Electron transport chain,0.0823009,NULL
8/3 clone 3,FOXRED1,Electron transport chain,0.234924,NULL
8/3 clone 4,FOXRED1,Electron transport chain,-0.163417,NULL
5/4,HCCS,Electron transport chain,0.360242,NULL
8/3 clone 3,HCCS,Electron transport chain,-0.00270935,NULL
8/3 clone 4,HCCS,Electron transport chain,0.12553,NULL
5/4,MNF1,Electron transport chain,0.0351125,NULL
8/3 clone 3,MNF1,Electron transport chain,0.145802,NULL
8/3 clone 4,MNF1,Electron transport chain,0.0273449,NULL
5/4,NDUFA1,Electron transport chain,-0.149786,NULL
8/3 clone 3,NDUFA1,Electron transport chain,-0.152122,NULL
8/3 clone 4,NDUFA1,Electron transport chain,-0.0518492,NULL
5/4,NDUFA10,Electron transport chain,0.0569846,NULL
8/3 clone 3,NDUFA10,Electron transport chain,-0.0175418,NULL
8/3 clone 4,NDUFA10,Electron transport chain,-0.16876,NULL
5/4,NDUFA11,Electron transport chain,0.0801904,NULL
8/3 clone 3,NDUFA11,Electron transport chain,-0.0731199,NULL
8/3 clone 4,NDUFA11,Electron transport chain,-0.0311271,NULL
5/4,NDUFA12,Electron transport chain,-0.134877,NULL
8/3 clone 3,NDUFA12,Electron transport chain,-0.238182,NULL
8/3 clone 4,NDUFA12,Electron transport chain,-0.0813086,NULL
5/4,NDUFA13,Electron transport chain,0.0365925,NULL
8/3 clone 3,NDUFA13,Electron transport chain,-0.0869405,NULL
8/3 clone 4,NDUFA13,Electron transport chain,0.0698031,NULL
5/4,NDUFA2,Electron transport chain,0.850331,NULL
8/3 clone 3,NDUFA2,Electron transport chain,-0.188898,NULL
8/3 clone 4,NDUFA2,Electron transport chain,-0.0951134,NULL
5/4,NDUFA3,Electron transport chain,-0.126231,NULL
8/3 clone 3,NDUFA3,Electron transport chain,0.188342,NULL
8/3 clone 4,NDUFA3,Electron transport chain,-0.102117,NULL
5/4,NDUFA4,Electron transport chain,-0.204182,NULL
8/3 clone 3,NDUFA4,Electron transport chain,-0.0385258,NULL
8/3 clone 4,NDUFA4,Electron transport chain,-0.0116346,NULL
5/4,NDUFA5,Electron transport chain,-0.46989,NULL
8/3 clone 3,NDUFA5,Electron transport chain,-0.193329,NULL
8/3 clone 4,NDUFA5,Electron transport chain,-0.222299,NULL
5/4,NDUFA6,Electron transport chain,-0.0361389,NULL
8/3 clone 3,NDUFA6,Electron transport chain,-0.0194172,chr22 42481849 G>A UTR_3_PRIME
8/3 clone 4,NDUFA6,Electron transport chain,-0.0113263,chr22 42481849 G>A UTR_3_PRIME
5/4,NDUFA7,Electron transport chain,-0.316739,NULL
8/3 clone 3,NDUFA7,Electron transport chain,0.0062431,NULL
8/3 clone 4,NDUFA7,Electron transport chain,-0.039825,NULL
5/4,NDUFA8,Electron transport chain,0.264211,NULL
8/3 clone 3,NDUFA8,Electron transport chain,-0.16836,NULL
8/3 clone 4,NDUFA8,Electron transport chain,-0.17275,NULL
5/4,NDUFA9,Electron transport chain,-0.153172,NULL
8/3 clone 3,NDUFA9,Electron transport chain,-0.0094791,NULL
8/3 clone 4,NDUFA9,Electron transport chain,-0.0522517,NULL
5/4,NDUFAB1,Electron transport chain,0.0308508,NULL
8/3 clone 3,NDUFAB1,Electron transport chain,-0.067764,NULL
8/3 clone 4,NDUFAB1,Electron transport chain,-0.0309414,NULL
5/4,NDUFAF1,Electron transport chain,-0.0397753,NULL
8/3 clone 3,NDUFAF1,Electron transport chain,-0.132147,NULL
8/3 clone 4,NDUFAF1,Electron transport chain,0.0635535,NULL
5/4,NDUFAF2,Electron transport chain,-0.499981,NULL
8/3 clone 3,NDUFAF2,Electron transport chain,-0.0647433,NULL
8/3 clone 4,NDUFAF2,Electron transport chain,-0.272444,NULL
5/4,NDUFAF3,Electron transport chain,0.0207136,NULL
8/3 clone 3,NDUFAF3,Electron transport chain,-0.1133,NULL
8/3 clone 4,NDUFAF3,Electron transport chain,-0.0286892,NULL
5/4,NDUFAF4,Electron transport chain,-0.780722,NULL
8/3 clone 3,NDUFAF4,Electron transport chain,0.000290318,chr6 97339078 A>G SYNONYMOUS_CODING
8/3 clone 4,NDUFAF4,Electron transport chain,-0.189938,NULL
5/4,NDUFB1,Electron transport chain,-0.158708,NULL
8/3 clone 3,NDUFB1,Electron transport chain,-0.26523,NULL
8/3 clone 4,NDUFB1,Electron transport chain,-0.0670061,NULL
5/4,NDUFB10,Electron transport chain,-0.140932,NULL
8/3 clone 3,NDUFB10,Electron transport chain,0.0385457,NULL
8/3 clone 4,NDUFB10,Electron transport chain,-0.216758,NULL
5/4,NDUFB11,Electron transport chain,-0.143698,NULL
8/3 clone 3,NDUFB11,Electron transport chain,-0.0137229,NULL
8/3 clone 4,NDUFB11,Electron transport chain,-0.111037,NULL
5/4,NDUFB2,Electron transport chain,-0.0227546,NULL
8/3 clone 3,NDUFB2,Electron transport chain,-0.102771,NULL
8/3 clone 4,NDUFB2,Electron transport chain,0.0218907,NULL
5/4,NDUFB3,Electron transport chain,-0.0428204,NULL
8/3 clone 3,NDUFB3,Electron transport chain,-0.060681,NULL
8/3 clone 4,NDUFB3,Electron transport chain,-0.183452,NULL
5/4,NDUFB4,Electron transport chain,-0.0838731,NULL
8/3 clone 3,NDUFB4,Electron transport chain,-0.079196,NULL
8/3 clone 4,NDUFB4,Electron transport chain,-0.00788605,NULL
5/4,NDUFB5,Electron transport chain,0.0608579,NULL
8/3 clone 3,NDUFB5,Electron transport chain,-0.17276,NULL
8/3 clone 4,NDUFB5,Electron transport chain,-0.164804,NULL
5/4,NDUFB6,Electron transport chain,0.101983,NULL
8/3 clone 3,NDUFB6,Electron transport chain,-0.119633,NULL
8/3 clone 4,NDUFB6,Electron transport chain,-0.179392,NULL
5/4,NDUFB7,Electron transport chain,0.0794301,NULL
8/3 clone 3,NDUFB7,Electron transport chain,0.0920319,NULL
8/3 clone 4,NDUFB7,Electron transport chain,0.0560591,NULL
5/4,NDUFB8,Electron transport chain,-0.330415,NULL
8/3 clone 3,NDUFB8,Electron transport chain,0.0312756,NULL
8/3 clone 4,NDUFB8,Electron transport chain,0.0780155,NULL
5/4,NDUFB9,Electron transport chain,-0.461298,NULL
8/3 clone 3,NDUFB9,Electron transport chain,-0.11264,NULL
8/3 clone 4,NDUFB9,Electron transport chain,0.208012,NULL
5/4,NDUFC1,Electron transport chain,0.0525337,NULL
8/3 clone 3,NDUFC1,Electron transport chain,0.0933948,NULL
8/3 clone 4,NDUFC1,Electron transport chain,0.0627882,NULL
5/4,NDUFC2,Electron transport chain,0,NULL
8/3 clone 3,NDUFC2,Electron transport chain,-0.0467449,NULL
8/3 clone 4,NDUFC2,Electron transport chain,-0.0360041,NULL
5/4,NDUFS1,Electron transport chain,0.162721,NULL
8/3 clone 3,NDUFS1,Electron transport chain,-0.0157733,NULL
8/3 clone 4,NDUFS1,Electron transport chain,0.0946534,NULL
5/4,NDUFS2,Electron transport chain,-0.117694,NULL
8/3 clone 3,NDUFS2,Electron transport chain,-0.0567808,NULL
8/3 clone 4,NDUFS2,Electron transport chain,0.014964,NULL
5/4,NDUFS3,Electron transport chain,0.0590745,NULL
8/3 clone 3,NDUFS3,Electron transport chain,-0.0303823,NULL
8/3 clone 4,NDUFS3,Electron transport chain,0.064568,NULL
5/4,NDUFS4,Electron transport chain,0.961887,NULL
8/3 clone 3,NDUFS4,Electron transport chain,-0.292021,NULL
8/3 clone 4,NDUFS4,Electron transport chain,-0.172046,NULL
5/4,NDUFS5,Electron transport chain,-0.523087,NULL
8/3 clone 3,NDUFS5,Electron transport chain,-0.175154,NULL
8/3 clone 4,NDUFS5,Electron transport chain,-0.108635,NULL
5/4,NDUFS6,Electron transport chain,-0.0745335,NULL
8/3 clone 3,NDUFS6,Electron transport chain,0.00670798,NULL
8/3 clone 4,NDUFS6,Electron transport chain,-0.129937,NULL
5/4,NDUFS7,Electron transport chain,0.209844,NULL
8/3 clone 3,NDUFS7,Electron transport chain,0.0695665,NULL
8/3 clone 4,NDUFS7,Electron transport chain,-0.102473,NULL
5/4,NDUFS8,Electron transport chain,0.424532,NULL
8/3 clone 3,NDUFS8,Electron transport chain,0.165288,NULL
8/3 clone 4,NDUFS8,Electron transport chain,-0.00452068,NULL
5/4,NDUFV1,Electron transport chain,0.122595,NULL
8/3 clone 3,NDUFV1,Electron transport chain,0.031569,NULL
8/3 clone 4,NDUFV1,Electron transport chain,-0.227775,NULL
5/4,NDUFV2,Electron transport chain,-0.0261398,NULL
8/3 clone 3,NDUFV2,Electron transport chain,-0.0786105,NULL
8/3 clone 4,NDUFV2,Electron transport chain,0.0677188,NULL
5/4,NDUFV3,Electron transport chain,-0.229234,NULL
8/3 clone 3,NDUFV3,Electron transport chain,0.0135688,NULL
8/3 clone 4,NDUFV3,Electron transport chain,-0.153086,NULL
5/4,NUBPL,Electron transport chain,-0.132369,NULL
8/3 clone 3,NUBPL,Electron transport chain,0.125417,NULL
8/3 clone 4,NUBPL,Electron transport chain,-0.0568251,NULL
5/4,PTCD2,Electron transport chain,-0.463894,NULL
8/3 clone 3,PTCD2,Electron transport chain,-0.31943,NULL
8/3 clone 4,PTCD2,Electron transport chain,-0.343951,NULL
5/4,SCO1,Electron transport chain,-0.0886052,NULL
8/3 clone 3,SCO1,Electron transport chain,0.144685,NULL
8/3 clone 4,SCO1,Electron transport chain,-0.18384,chr17 10583834 GT>G UTR_3_PRIME
5/4,SCO2,Electron transport chain,0,NULL
8/3 clone 3,SCO2,Electron transport chain,0.131547,NULL
8/3 clone 4,SCO2,Electron transport chain,0.010943,NULL
5/4,SDHAF1,Electron transport chain,-0.69955,NULL
8/3 clone 3,SDHAF1,Electron transport chain,-0.0878759,NULL
8/3 clone 4,SDHAF1,Electron transport chain,-0.226228,NULL
5/4,SDHAF2,Electron transport chain,-0.208039,NULL
8/3 clone 3,SDHAF2,Electron transport chain,0.10549,NULL
8/3 clone 4,SDHAF2,Electron transport chain,0.182739,NULL
5/4,SELRC1,Electron transport chain,-0.920491,NULL
8/3 clone 3,SELRC1,Electron transport chain,-0.31607,NULL
8/3 clone 4,SELRC1,Electron transport chain,-0.15433,NULL
5/4,SURF1,Electron transport chain,0.0322107,NULL
8/3 clone 3,SURF1,Electron transport chain,-0.128739,NULL
8/3 clone 4,SURF1,Electron transport chain,-0.136811,NULL
5/4,TMEM126B,Electron transport chain,-0.337147,NULL
8/3 clone 3,TMEM126B,Electron transport chain,-0.146479,NULL
8/3 clone 4,TMEM126B,Electron transport chain,-0.216066,NULL
5/4,TMEM70,Electron transport chain,-0.157622,NULL
8/3 clone 3,TMEM70,Electron transport chain,0.377728,chr8 74893821 A>G NON_SYNONYMOUS_CODING | chr8 74893850 C>G NON_SYNONYMOUS_CODING
8/3 clone 4,TMEM70,Electron transport chain,0.279433,chr8 74893821 A>G NON_SYNONYMOUS_CODING | chr8 74893850 C>G NON_SYNONYMOUS_CODING |chr8 74893880 C>T UTR_3_PRIME
5/4,TTC19,Electron transport chain,0.230819,NULL
8/3 clone 3,TTC19,Electron transport chain,-0.0404346,NULL
8/3 clone 4,TTC19,Electron transport chain,-0.00673694,NULL
5/4,UQCC,Electron transport chain,-0.0698724,NULL
8/3 clone 3,UQCC,Electron transport chain,0.0473474,NULL
8/3 clone 4,UQCC,Electron transport chain,-0.111464,NULL
5/4,UQCR10,Electron transport chain,-0.495375,NULL
8/3 clone 3,UQCR10,Electron transport chain,0.11443,NULL
8/3 clone 4,UQCR10,Electron transport chain,-0.0152575,NULL
5/4,UQCR11,Electron transport chain,-0.306777,NULL
8/3 clone 3,UQCR11,Electron transport chain,0.000740516,NULL
8/3 clone 4,UQCR11,Electron transport chain,-0.0746841,NULL
5/4,UQCRB,Electron transport chain,0.00795701,NULL
8/3 clone 3,UQCRB,Electron transport chain,0.231471,NULL
8/3 clone 4,UQCRB,Electron transport chain,0.114959,NULL
5/4,UQCRC1,Electron transport chain,0.0593877,NULL
8/3 clone 3,UQCRC1,Electron transport chain,-0.0889962,NULL
8/3 clone 4,UQCRC1,Electron transport chain,0.047457,NULL
5/4,UQCRC2,Electron transport chain,0.376153,NULL
8/3 clone 3,UQCRC2,Electron transport chain,-0.149003,NULL
8/3 clone 4,UQCRC2,Electron transport chain,-0.0879745,NULL
5/4,UQCRFS1,Electron transport chain,0.0503358,NULL
8/3 clone 3,UQCRFS1,Electron transport chain,-0.036486,NULL
8/3 clone 4,UQCRFS1,Electron transport chain,-0.0847096,NULL
5/4,UQCRH,Electron transport chain,-0.241309,NULL
8/3 clone 3,UQCRH,Electron transport chain,-0.172323,NULL
8/3 clone 4,UQCRH,Electron transport chain,-0.211082,NULL
5/4,UQCRQ,Electron transport chain,1.00534,NULL
8/3 clone 3,UQCRQ,Electron transport chain,-0.216142,NULL
8/3 clone 4,UQCRQ,Electron transport chain,-0.260963,NULL
5/4,ACAA2,Fatty acid beta-oxidation,-0.755026,NULL
8/3 clone 3,ACAA2,Fatty acid beta-oxidation,-0.287341,NULL
8/3 clone 4,ACAA2,Fatty acid beta-oxidation,-0.0698862,NULL
5/4,ACAD10,Fatty acid beta-oxidation,-0.37438,NULL
8/3 clone 3,ACAD10,Fatty acid beta-oxidation,0.329753,NULL
8/3 clone 4,ACAD10,Fatty acid beta-oxidation,0.117782,NULL
5/4,ACAD11,Fatty acid beta-oxidation,0,NULL
8/3 clone 3,ACAD11,Fatty acid beta-oxidation,-0.149885,NULL
8/3 clone 4,ACAD11,Fatty acid beta-oxidation,-0.07237,NULL
5/4,ACAD8,Fatty acid beta-oxidation,0.278963,NULL
8/3 clone 3,ACAD8,Fatty acid beta-oxidation,0.0925119,NULL
8/3 clone 4,ACAD8,Fatty acid beta-oxidation,-0.0535693,NULL
5/4,ACADM,Fatty acid beta-oxidation,-0.0888987,NULL
8/3 clone 3,ACADM,Fatty acid beta-oxidation,0.0354659,NULL
8/3 clone 4,ACADM,Fatty acid beta-oxidation,-0.00219481,NULL
5/4,ACADS,Fatty acid beta-oxidation,-0.091523,NULL
8/3 clone 3,ACADS,Fatty acid beta-oxidation,0.221155,NULL
8/3 clone 4,ACADS,Fatty acid beta-oxidation,0.30256,NULL
5/4,ACADSB,Fatty acid beta-oxidation,0.139432,NULL
8/3 clone 3,ACADSB,Fatty acid beta-oxidation,-0.112405,chr10 124800853 C>T SYNONYMOUS_CODING
8/3 clone 4,ACADSB,Fatty acid beta-oxidation,-0.139928,chr10 124800853 C>T SYNONYMOUS_CODING
5/4,ACADVL,Fatty acid beta-oxidation,0.839364,NULL
8/3 clone 3,ACADVL,Fatty acid beta-oxidation,0.237439,NULL
8/3 clone 4,ACADVL,Fatty acid beta-oxidation,0.197981,NULL
5/4,ACSL1,Fatty acid beta-oxidation,0.698046,NULL
8/3 clone 3,ACSL1,Fatty acid beta-oxidation,-0.274904,NULL
8/3 clone 4,ACSL1,Fatty acid beta-oxidation,-0.195099,NULL
5/4,ACSL3,Fatty acid beta-oxidation,0.309529,NULL
8/3 clone 3,ACSL3,Fatty acid beta-oxidation,0.147017,NULL
8/3 clone 4,ACSL3,Fatty acid beta-oxidation,0.0829252,NULL
5/4,ACSL4,Fatty acid beta-oxidation,0.545756,NULL
8/3 clone 3,ACSL4,Fatty acid beta-oxidation,-0.398262,NULL
8/3 clone 4,ACSL4,Fatty acid beta-oxidation,-0.304549,NULL
5/4,ACSL5,Fatty acid beta-oxidation,-4.37085,NULL
8/3 clone 3,ACSL5,Fatty acid beta-oxidation,0.744611,chr10 114187827 T>A UTR_3_PRIME
8/3 clone 4,ACSL5,Fatty acid beta-oxidation,-0.0216742,NULL
5/4,ACSM3,Fatty acid beta-oxidation,-2.47286,NULL
8/3 clone 3,ACSM3,Fatty acid beta-oxidation,-0.124036,NULL
8/3 clone 4,ACSM3,Fatty acid beta-oxidation,-1.21203,NULL
5/4,ACSS2,Fatty acid beta-oxidation,0.118759,NULL
8/3 clone 3,ACSS2,Fatty acid beta-oxidation,-0.264095,NULL
8/3 clone 4,ACSS2,Fatty acid beta-oxidation,0.127468,NULL
5/4,CPT1A,Fatty acid beta-oxidation,-0.175546,NULL
8/3 clone 3,CPT1A,Fatty acid beta-oxidation,-0.150294,chr11 68523910 T>C UTR_3_PRIME
8/3 clone 4,CPT1A,Fatty acid beta-oxidation,-0.119009,chr11 68523910 T>C UTR_3_PRIME
5/4,CPT1B,Fatty acid beta-oxidation,0,NULL
8/3 clone 3,CPT1B,Fatty acid beta-oxidation,0.107866,chr22 51008816 C>T NON_SYNONYMOUS_CODING
8/3 clone 4,CPT1B,Fatty acid beta-oxidation,0.00435455,NULL
5/4,CPT1C,Fatty acid beta-oxidation,-3.3842,NULL
8/3 clone 3,CPT1C,Fatty acid beta-oxidation,0.0546225,NULL
8/3 clone 4,CPT1C,Fatty acid beta-oxidation,-0.371911,NULL
5/4,CPT2,Fatty acid beta-oxidation,-0.193169,NULL
8/3 clone 3,CPT2,Fatty acid beta-oxidation,0.070928,NULL
8/3 clone 4,CPT2,Fatty acid beta-oxidation,0.00254906,NULL
5/4,CRAT,Fatty acid beta-oxidation,1.9068,NULL
8/3 clone 3,CRAT,Fatty acid beta-oxidation,0.347831,NULL
8/3 clone 4,CRAT,Fatty acid beta-oxidation,0.301034,NULL
5/4,DECR1,Fatty acid beta-oxidation,0.2639,NULL
8/3 clone 3,DECR1,Fatty acid beta-oxidation,0.10847,NULL
8/3 clone 4,DECR1,Fatty acid beta-oxidation,0.346698,NULL
5/4,ECHS1,Fatty acid beta-oxidation,-0.113546,NULL
8/3 clone 3,ECHS1,Fatty acid beta-oxidation,0.0150962,NULL
8/3 clone 4,ECHS1,Fatty acid beta-oxidation,-0.0198006,NULL
5/4,FABP5,Fatty acid beta-oxidation,-1.77518,NULL
8/3 clone 3,FABP5,Fatty acid beta-oxidation,0.298026,NULL
8/3 clone 4,FABP5,Fatty acid beta-oxidation,-0.176679,NULL
5/4,FABP6,Fatty acid beta-oxidation,-0.547603,NULL
8/3 clone 3,FABP6,Fatty acid beta-oxidation,-0.195698,NULL
8/3 clone 4,FABP6,Fatty acid beta-oxidation,-1.15216,NULL
5/4,GOT2,Fatty acid beta-oxidation,-0.228417,NULL
8/3 clone 3,GOT2,Fatty acid beta-oxidation,-0.0452838,NULL
8/3 clone 4,GOT2,Fatty acid beta-oxidation,-0.0968905,NULL
5/4,HADH,Fatty acid beta-oxidation,-0.162819,NULL
8/3 clone 3,HADH,Fatty acid beta-oxidation,-0.0529606,NULL
8/3 clone 4,HADH,Fatty acid beta-oxidation,-0.291199,NULL
5/4,HADHA,Fatty acid beta-oxidation,0.0518495,NULL
8/3 clone 3,HADHA,Fatty acid beta-oxidation,-0.0897546,NULL
8/3 clone 4,HADHA,Fatty acid beta-oxidation,-0.063294,NULL
5/4,HADHB,Fatty acid beta-oxidation,0.307165,NULL
8/3 clone 3,HADHB,Fatty acid beta-oxidation,-0.0631423,NULL
8/3 clone 4,HADHB,Fatty acid beta-oxidation,0.0656966,NULL
5/4,SLC25A20,Fatty acid beta-oxidation,0.498288,NULL
8/3 clone 3,SLC25A20,Fatty acid beta-oxidation,-0.0130511,NULL
8/3 clone 4,SLC25A20,Fatty acid beta-oxidation,0.0245483,NULL
5/4,SLC27A1,Fatty acid beta-oxidation,0.345878,NULL
8/3 clone 3,SLC27A1,Fatty acid beta-oxidation,-0.222485,NULL
8/3 clone 4,SLC27A1,Fatty acid beta-oxidation,0.150247,NULL
5/4,SLC27A2,Fatty acid beta-oxidation,-0.216588,NULL
8/3 clone 3,SLC27A2,Fatty acid beta-oxidation,-0.160639,NULL
8/3 clone 4,SLC27A2,Fatty acid beta-oxidation,-0.474713,NULL
5/4,SLC27A3,Fatty acid beta-oxidation,-0.124218,NULL
8/3 clone 3,SLC27A3,Fatty acid beta-oxidation,0.239833,NULL
8/3 clone 4,SLC27A3,Fatty acid beta-oxidation,0.198843,NULL
5/4,SLC27A4,Fatty acid beta-oxidation,-0.0693597,NULL
8/3 clone 3,SLC27A4,Fatty acid beta-oxidation,0.476448,NULL
8/3 clone 4,SLC27A4,Fatty acid beta-oxidation,0.238942,NULL
5/4,SLC27A5,Fatty acid beta-oxidation,-1.37114,NULL
8/3 clone 3,SLC27A5,Fatty acid beta-oxidation,-0.0160837,NULL
8/3 clone 4,SLC27A5,Fatty acid beta-oxidation,-0.0897503,NULL
5/4,SLC27A6,Fatty acid beta-oxidation,1.24661,NULL
8/3 clone 3,SLC27A6,Fatty acid beta-oxidation,0.411385,NULL
8/3 clone 4,SLC27A6,Fatty acid beta-oxidation,0.142889,NULL
5/4,ABCB7,Fe-S cluster biosynthesis,-0.148793,NULL
8/3 clone 3,ABCB7,Fe-S cluster biosynthesis,-0.0890049,NULL
8/3 clone 4,ABCB7,Fe-S cluster biosynthesis,-0.0865812,NULL
5/4,BOLA3,Fe-S cluster biosynthesis,-0.350108,NULL
8/3 clone 3,BOLA3,Fe-S cluster biosynthesis,0.0871788,NULL
8/3 clone 4,BOLA3,Fe-S cluster biosynthesis,-0.0450613,NULL
5/4,CIAO1,Fe-S cluster biosynthesis,-0.354248,NULL
8/3 clone 3,CIAO1,Fe-S cluster biosynthesis,-0.0785158,NULL
8/3 clone 4,CIAO1,Fe-S cluster biosynthesis,-0.201216,NULL
5/4,CIAPIN1,Fe-S cluster biosynthesis,-0.563682,NULL
8/3 clone 3,CIAPIN1,Fe-S cluster biosynthesis,0.0394809,NULL
8/3 clone 4,CIAPIN1,Fe-S cluster biosynthesis,0.0837265,NULL
5/4,FAM96A,Fe-S cluster biosynthesis,-0.75034,NULL
8/3 clone 3,FAM96A,Fe-S cluster biosynthesis,-0.0137319,NULL
8/3 clone 4,FAM96A,Fe-S cluster biosynthesis,-0.0978824,chr15 64385851 T>C SYNONYMOUS_CODING
5/4,FAM96B,Fe-S cluster biosynthesis,0.011364,NULL
8/3 clone 3,FAM96B,Fe-S cluster biosynthesis,0.06916,NULL
8/3 clone 4,FAM96B,Fe-S cluster biosynthesis,0.132824,NULL
5/4,FDX1,Fe-S cluster biosynthesis,-0.305228,NULL
8/3 clone 3,FDX1,Fe-S cluster biosynthesis,-0.0288337,NULL
8/3 clone 4,FDX1,Fe-S cluster biosynthesis,-0.027222,NULL
5/4,FDX1L,Fe-S cluster biosynthesis,-0.253304,NULL
8/3 clone 3,FDX1L,Fe-S cluster biosynthesis,0.167408,NULL
8/3 clone 4,FDX1L,Fe-S cluster biosynthesis,0.0478151,NULL
5/4,FDXR,Fe-S cluster biosynthesis,-1.10918,NULL
8/3 clone 3,FDXR,Fe-S cluster biosynthesis,0.266729,chr17 72862650 C>T NON_SYNONYMOUS_CODING
8/3 clone 4,FDXR,Fe-S cluster biosynthesis,-0.072754,chr17 72862650 C>T NON_SYNONYMOUS_CODING
5/4,FXN,Fe-S cluster biosynthesis,0.446262,NULL
8/3 clone 3,FXN,Fe-S cluster biosynthesis,0.137762,NULL
8/3 clone 4,FXN,Fe-S cluster biosynthesis,-0.13834,chr9 71687924 C>T UTR_3_PRIME
5/4,GLRX5,Fe-S cluster biosynthesis,-0.491317,NULL
8/3 clone 3,GLRX5,Fe-S cluster biosynthesis,0.112345,chr14 96010866 A>G UTR_3_PRIME
8/3 clone 4,GLRX5,Fe-S cluster biosynthesis,-0.0729508,chr14 96010866 A>G UTR_3_PRIME
5/4,HSCB,Fe-S cluster biosynthesis,0.35855,NULL
8/3 clone 3,HSCB,Fe-S cluster biosynthesis,-0.204823,NULL
8/3 clone 4,HSCB,Fe-S cluster biosynthesis,-0.108502,NULL
5/4,IBA57,Fe-S cluster biosynthesis,0.150261,NULL
8/3 clone 3,IBA57,Fe-S cluster biosynthesis,-0.0178046,NULL
8/3 clone 4,IBA57,Fe-S cluster biosynthesis,0.0667054,NULL
5/4,ISCA1,Fe-S cluster biosynthesis,-0.102388,NULL
8/3 clone 3,ISCA1,Fe-S cluster biosynthesis,0.0876719,NULL
8/3 clone 4,ISCA1,Fe-S cluster biosynthesis,-0.0570175,NULL
5/4,ISCA2,Fe-S cluster biosynthesis,-0.037241,NULL
8/3 clone 3,ISCA2,Fe-S cluster biosynthesis,-0.199519,NULL
8/3 clone 4,ISCA2,Fe-S cluster biosynthesis,-0.201973,NULL
5/4,ISCU,Fe-S cluster biosynthesis,-0.194563,NULL
8/3 clone 3,ISCU,Fe-S cluster biosynthesis,-0.0448001,NULL
8/3 clone 4,ISCU,Fe-S cluster biosynthesis,-0.258082,NULL
5/4,LYRM4,Fe-S cluster biosynthesis,0.620275,NULL
8/3 clone 3,LYRM4,Fe-S cluster biosynthesis,-0.190149,NULL
8/3 clone 4,LYRM4,Fe-S cluster biosynthesis,-0.302234,chr6 5260936 A>C NON_SYNONYMOUS_CODING
5/4,MMS19,Fe-S cluster biosynthesis,-0.494624,NULL
8/3 clone 3,MMS19,Fe-S cluster biosynthesis,-0.0852883,chr10 99220707 C>T NON_SYNONYMOUS_CODING
8/3 clone 4,MMS19,Fe-S cluster biosynthesis,-0.156191,chr10 99220707 C>T NON_SYNONYMOUS_CODING | chr10 99240758 G>C NON_SYNONYMOUS_CODING
5/4,NARF,Fe-S cluster biosynthesis,-0.339566,NULL
8/3 clone 3,NARF,Fe-S cluster biosynthesis,-0.0066461,chr17 80442722 T>C SYNONYMOUS_CODING
8/3 clone 4,NARF,Fe-S cluster biosynthesis,0.174105,chr17 80442722 T>C SYNONYMOUS_CODING
5/4,NFS1,Fe-S cluster biosynthesis,0.0651629,NULL
8/3 clone 3,NFS1,Fe-S cluster biosynthesis,0.189636,NULL
8/3 clone 4,NFS1,Fe-S cluster biosynthesis,0.109031,NULL
5/4,NFU1,Fe-S cluster biosynthesis,0.126803,NULL
8/3 clone 3,NFU1,Fe-S cluster biosynthesis,-0.147928,chr2 69659126 A>T START_LOST
8/3 clone 4,NFU1,Fe-S cluster biosynthesis,-0.0104562,NULL
5/4,NUBP1,Fe-S cluster biosynthesis,0.328464,NULL
8/3 clone 3,NUBP1,Fe-S cluster biosynthesis,-0.0828508,NULL
8/3 clone 4,NUBP1,Fe-S cluster biosynthesis,-0.0163779,NULL
5/4,NUBP2,Fe-S cluster biosynthesis,-0.403011,chr16 1838836 C/T: SNP: 3'UTR
8/3 clone 3,NUBP2,Fe-S cluster biosynthesis,-0.041755,NULL
8/3 clone 4,NUBP2,Fe-S cluster biosynthesis,-0.146043,NULL
5/4,SLC25A28,Fe-S cluster biosynthesis,0.495234,NULL
8/3 clone 3,SLC25A28,Fe-S cluster biosynthesis,0.215852,NULL
8/3 clone 4,SLC25A28,Fe-S cluster biosynthesis,-0.0321419,NULL
5/4,SLC25A37,Fe-S cluster biosynthesis,0.325321,NULL
8/3 clone 3,SLC25A37,Fe-S cluster biosynthesis,0.629592,chr8 23430860 T>C DOWNSTREAM
8/3 clone 4,SLC25A37,Fe-S cluster biosynthesis,0.436516,chr8 23423758 G>A SYNONYMOUS_CODING
5/4,DLAT,Formation of Acetyl CoA,-0.333671,NULL
8/3 clone 3,DLAT,Formation of Acetyl CoA,-0.142612,chr11 111916647 G>A NON_SYNONYMOUS_CODING | chr11 111933678 A>G UTR_3_PRIME
8/3 clone 4,DLAT,Formation of Acetyl CoA,0.0918819,chr11 111916647 G>A NON_SYNONYMOUS_CODING | chr11 111933404 C>T UTR_3_PRIME | chr11 111933678 A>G UTR_3_PRIME
5/4,PDHA1,Formation of Acetyl CoA,0.313896,NULL
8/3 clone 3,PDHA1,Formation of Acetyl CoA,0.0627099,NULL
8/3 clone 4,PDHA1,Formation of Acetyl CoA,0.00136967,NULL
5/4,PDHB,Formation of Acetyl CoA,0.173019,NULL
8/3 clone 3,PDHB,Formation of Acetyl CoA,-0.160887,chr3 58413669 G>T UTR_3_PRIME
8/3 clone 4,PDHB,Formation of Acetyl CoA,0.0223793,chr3 58413669 G>T UTR_3_PRIME
5/4,PDHX,Formation of Acetyl CoA,0.126885,NULL
8/3 clone 3,PDHX,Formation of Acetyl CoA,-0.0297716,chr11 34969112 A>G NON_SYNONYMOUS_CODING
8/3 clone 4,PDHX,Formation of Acetyl CoA,0.228277,chr11 34969112 A>G NON_SYNONYMOUS_CODING | chr11 34991727 T>C SYNONYMOUS_CODING
5/4,ALDOA,Glycolysis,0.694506,NULL
8/3 clone 3,ALDOA,Glycolysis,0.19125,NULL
8/3 clone 4,ALDOA,Glycolysis,0.0443773,NULL
5/4,ALDOC,Glycolysis,-0.308736,NULL
8/3 clone 3,ALDOC,Glycolysis,0.242833,NULL
8/3 clone 4,ALDOC,Glycolysis,-0.251196,NULL
5/4,ENO1,Glycolysis,0.222056,NULL
8/3 clone 3,ENO1,Glycolysis,-0.127993,NULL
8/3 clone 4,ENO1,Glycolysis,-0.105793,NULL
5/4,ENO2,Glycolysis,0.321742,NULL
8/3 clone 3,ENO2,Glycolysis,0.0722697,chr12 7032253 C>T UTR_3_PRIME
8/3 clone 4,ENO2,Glycolysis,0.103881,chr12 7032253 C>T UTR_3_PRIME
5/4,ENO3,Glycolysis,-0.510749,NULL
8/3 clone 3,ENO3,Glycolysis,-0.0294816,NULL
8/3 clone 4,ENO3,Glycolysis,-0.336932,NULL
5/4,GAPDH,Glycolysis,0.440829,NULL
8/3 clone 3,GAPDH,Glycolysis,0.169743,NULL
8/3 clone 4,GAPDH,Glycolysis,0.0737415,NULL
5/4,GAPDHS,Glycolysis,-0.00906559,NULL
8/3 clone 3,GAPDHS,Glycolysis,0.334785,NULL
8/3 clone 4,GAPDHS,Glycolysis,-0.152441,NULL
5/4,GPI,Glycolysis,0.356577,NULL
8/3 clone 3,GPI,Glycolysis,0.0918563,chr19 34891482 C>G UTR_3_PRIME
8/3 clone 4,GPI,Glycolysis,-0.051997,chr19 34891482 C>G UTR_3_PRIME
5/4,HK1,Glycolysis,0.194493,chr10 71161494 TG/T: DEL: 3'UTR
8/3 clone 3,HK1,Glycolysis,-0.214742,NULL
8/3 clone 4,HK1,Glycolysis,-0.16152,NULL
5/4,HK2,Glycolysis,-0.348445,NULL
8/3 clone 3,HK2,Glycolysis,-0.105297,NULL
8/3 clone 4,HK2,Glycolysis,-0.576645,NULL
5/4,LDHA,Glycolysis,0.906536,NULL
8/3 clone 3,LDHA,Glycolysis,0.156991,NULL
8/3 clone 4,LDHA,Glycolysis,0.0889178,NULL
5/4,LDHB,Glycolysis,-0.502223,NULL
8/3 clone 3,LDHB,Glycolysis,-0.168288,NULL
8/3 clone 4,LDHB,Glycolysis,-0.184072,NULL
5/4,PFKL,Glycolysis,0.110064,chr21 45732001 T/C: SNP: Missense_Mutation
8/3 clone 3,PFKL,Glycolysis,0.14653,NULL
8/3 clone 4,PFKL,Glycolysis,0.0135901,NULL
5/4,PFKM,Glycolysis,-0.637924,chr12 48526758 C/T: SNP: Silent
8/3 clone 3,PFKM,Glycolysis,-0.283819,NULL
8/3 clone 4,PFKM,Glycolysis,-0.198927,NULL
5/4,PFKP,Glycolysis,0.582218,NULL
8/3 clone 3,PFKP,Glycolysis,-0.0028511,NULL
8/3 clone 4,PFKP,Glycolysis,0.0104338,NULL
5/4,PGAM1,Glycolysis,0.306532,NULL
8/3 clone 3,PGAM1,Glycolysis,0.125032,NULL
8/3 clone 4,PGAM1,Glycolysis,0.0424583,NULL
5/4,PGAM2,Glycolysis,0.0790554,NULL
8/3 clone 3,PGAM2,Glycolysis,-0.5094,NULL
8/3 clone 4,PGAM2,Glycolysis,-0.0225782,NULL
5/4,PGK1,Glycolysis,0.0344756,NULL
8/3 clone 3,PGK1,Glycolysis,-0.0399919,NULL
8/3 clone 4,PGK1,Glycolysis,0.0549616,NULL
5/4,PKLR,Glycolysis,0.364884,NULL
8/3 clone 3,PKLR,Glycolysis,-0.336319,NULL
8/3 clone 4,PKLR,Glycolysis,-0.716111,NULL
5/4,PKM2,Glycolysis,1.1138,NULL
8/3 clone 3,PKM2,Glycolysis,-0.0476797,NULL
8/3 clone 4,PKM2,Glycolysis,0.304897,NULL
5/4,SLC2A1,Glycolysis,0.432796,NULL
8/3 clone 3,SLC2A1,Glycolysis,0.297455,NULL
8/3 clone 4,SLC2A1,Glycolysis,0.187436,NULL
5/4,SLC2A3,Glycolysis,2.87322,NULL
8/3 clone 3,SLC2A3,Glycolysis,-1.01124,NULL
8/3 clone 4,SLC2A3,Glycolysis,-0.594635,NULL
5/4,SLC2A4,Glycolysis,0.301071,NULL
8/3 clone 3,SLC2A4,Glycolysis,-0.335903,NULL
8/3 clone 4,SLC2A4,Glycolysis,-0.586638,NULL
5/4,TPI1,Glycolysis,-0.0341368,NULL
8/3 clone 3,TPI1,Glycolysis,0.0968731,NULL
8/3 clone 4,TPI1,Glycolysis,0.0276004,NULL
5/4,ALAD,Heme Biosynthesis,-0.259781,NULL
8/3 clone 3,ALAD,Heme Biosynthesis,-0.237199,NULL
8/3 clone 4,ALAD,Heme Biosynthesis,-0.152154,NULL
5/4,ALAS1,Heme Biosynthesis,0.519619,NULL
8/3 clone 3,ALAS1,Heme Biosynthesis,0.162006,chr3 52238726 T>C NON_SYNONYMOUS_CODING
8/3 clone 4,ALAS1,Heme Biosynthesis,0.268602,chr3 52238726 T>C NON_SYNONYMOUS_CODING
5/4,CPOX,Heme Biosynthesis,-0.44759,NULL
8/3 clone 3,CPOX,Heme Biosynthesis,0.45497,NULL
8/3 clone 4,CPOX,Heme Biosynthesis,0.423338,NULL
5/4,FECH,Heme Biosynthesis,0.281006,NULL
8/3 clone 3,FECH,Heme Biosynthesis,0.0348208,chr18 55221648 T>C SYNONYMOUS_CODING | chr18 55226383 G>C SYNONYMOUS_CODING
8/3 clone 4,FECH,Heme Biosynthesis,0.257169,chr18 55221648 T>C SYNONYMOUS_CODING
5/4,HMBS,Heme Biosynthesis,-0.369607,NULL
8/3 clone 3,HMBS,Heme Biosynthesis,0.135825,NULL
8/3 clone 4,HMBS,Heme Biosynthesis,0.0993594,NULL
5/4,PPOX,Heme Biosynthesis,0.02017,NULL
8/3 clone 3,PPOX,Heme Biosynthesis,-0.0438352,NULL
8/3 clone 4,PPOX,Heme Biosynthesis,-0.0345333,NULL
5/4,UROD,Heme Biosynthesis,-0.458474,NULL
8/3 clone 3,UROD,Heme Biosynthesis,-0.209233,NULL
8/3 clone 4,UROD,Heme Biosynthesis,-0.144646,NULL
5/4,UROS,Heme Biosynthesis,-0.190786,NULL
8/3 clone 3,UROS,Heme Biosynthesis,0.141427,NULL
8/3 clone 4,UROS,Heme Biosynthesis,-0.147541,NULL
5/4,CHCHD4,Import & Sorting,-0.286589,NULL
8/3 clone 3,CHCHD4,Import & Sorting,-0.116579,NULL
8/3 clone 4,CHCHD4,Import & Sorting,-0.212576,NULL
5/4,DNAJC19,Import & Sorting,-0.0395991,NULL
8/3 clone 3,DNAJC19,Import & Sorting,-0.221305,NULL
8/3 clone 4,DNAJC19,Import & Sorting,-0.261243,NULL
5/4,GFER,Import & Sorting,0.142389,NULL
8/3 clone 3,GFER,Import & Sorting,0.247238,NULL
8/3 clone 4,GFER,Import & Sorting,0.128593,NULL
5/4,GRPEL1,Import & Sorting,-0.559974,NULL
8/3 clone 3,GRPEL1,Import & Sorting,-0.092358,NULL
8/3 clone 4,GRPEL1,Import & Sorting,-0.219739,NULL
5/4,GRPEL2,Import & Sorting,0.654656,NULL
8/3 clone 3,GRPEL2,Import & Sorting,-0.182789,NULL
8/3 clone 4,GRPEL2,Import & Sorting,-0.320543,chr5 148733364 C>T UTR_3_PRIME
5/4,HSPA9,Import & Sorting,1.07547,NULL
8/3 clone 3,HSPA9,Import & Sorting,0.0488858,NULL
8/3 clone 4,HSPA9,Import & Sorting,-0.0158553,NULL
5/4,IMMP1L,Import & Sorting,-0.445446,NULL
8/3 clone 3,IMMP1L,Import & Sorting,-0.0757972,NULL
8/3 clone 4,IMMP1L,Import & Sorting,-0.104824,NULL
5/4,IMMP2L,Import & Sorting,-0.817128,NULL
8/3 clone 3,IMMP2L,Import & Sorting,-0.170592,NULL
8/3 clone 4,IMMP2L,Import & Sorting,-0.214458,NULL
5/4,MIPEP,Import & Sorting,0.0462567,NULL
8/3 clone 3,MIPEP,Import & Sorting,0.146487,chr13 24411772 T>C NON_SYNONYMOUS_CODING
8/3 clone 4,MIPEP,Import & Sorting,-0.214021,chr13 24411772 T>C NON_SYNONYMOUS_CODING
5/4,PAM16,Import & Sorting,0,NULL
8/3 clone 3,PAM16,Import & Sorting,-0.0232469,NULL
8/3 clone 4,PAM16,Import & Sorting,-0.131405,NULL
5/4,PMPCA,Import & Sorting,-0.252062,NULL
8/3 clone 3,PMPCA,Import & Sorting,0.00211257,chr9 139317979 C>T UTR_3_PRIME
8/3 clone 4,PMPCA,Import & Sorting,-0.112439,NULL
5/4,PMPCB,Import & Sorting,-0.335355,NULL
8/3 clone 3,PMPCB,Import & Sorting,-0.239559,NULL
8/3 clone 4,PMPCB,Import & Sorting,-0.235511,NULL
5/4,SAMM50,Import & Sorting,-0.0265203,NULL
8/3 clone 3,SAMM50,Import & Sorting,-0.147917,NULL
8/3 clone 4,SAMM50,Import & Sorting,-0.140858,NULL
5/4,TIMM10,Import & Sorting,-0.125715,NULL
8/3 clone 3,TIMM10,Import & Sorting,0.122556,NULL
8/3 clone 4,TIMM10,Import & Sorting,0.0531579,NULL
5/4,TIMM13,Import & Sorting,-0.557188,NULL
8/3 clone 3,TIMM13,Import & Sorting,-0.078152,NULL
8/3 clone 4,TIMM13,Import & Sorting,-0.114623,NULL
5/4,TIMM17A,Import & Sorting,0.0205918,NULL
8/3 clone 3,TIMM17A,Import & Sorting,-0.174855,NULL
8/3 clone 4,TIMM17A,Import & Sorting,-0.0609344,NULL
5/4,TIMM17B,Import & Sorting,2.09787,NULL
8/3 clone 3,TIMM17B,Import & Sorting,-0.193689,NULL
8/3 clone 4,TIMM17B,Import & Sorting,0.0786787,NULL
5/4,TIMM21,Import & Sorting,0.11484,NULL
8/3 clone 3,TIMM21,Import & Sorting,-0.060879,NULL
8/3 clone 4,TIMM21,Import & Sorting,-0.386906,NULL
5/4,TIMM22,Import & Sorting,-0.351792,NULL
8/3 clone 3,TIMM22,Import & Sorting,-0.00967886,NULL
8/3 clone 4,TIMM22,Import & Sorting,0.00884717,NULL
5/4,TIMM23,Import & Sorting,-0.150585,NULL
8/3 clone 3,TIMM23,Import & Sorting,-0.0443548,NULL
8/3 clone 4,TIMM23,Import & Sorting,-0.0783163,NULL
5/4,TIMM44,Import & Sorting,-0.160132,NULL
8/3 clone 3,TIMM44,Import & Sorting,0.228869,chr19 7992159 C>T SYNONYMOUS_CODING
8/3 clone 4,TIMM44,Import & Sorting,-0.106535,chr19 7992159 C>T SYNONYMOUS_CODING
5/4,TIMM50,Import & Sorting,-0.00034965,NULL
8/3 clone 3,TIMM50,Import & Sorting,0.0873909,NULL
8/3 clone 4,TIMM50,Import & Sorting,-0.109513,NULL
5/4,TIMM8A,Import & Sorting,-0.540888,NULL
8/3 clone 3,TIMM8A,Import & Sorting,-0.139417,NULL
8/3 clone 4,TIMM8A,Import & Sorting,-0.280168,NULL
5/4,TIMM8B,Import & Sorting,-0.513672,NULL
8/3 clone 3,TIMM8B,Import & Sorting,-0.108528,NULL
8/3 clone 4,TIMM8B,Import & Sorting,-0.110071,NULL
5/4,TIMM9,Import & Sorting,-0.661716,NULL
8/3 clone 3,TIMM9,Import & Sorting,-0.145086,NULL
8/3 clone 4,TIMM9,Import & Sorting,-0.286948,NULL
5/4,TOMM20,Import & Sorting,-0.414885,NULL
8/3 clone 3,TOMM20,Import & Sorting,-0.170207,NULL
8/3 clone 4,TOMM20,Import & Sorting,-0.184214,NULL
5/4,TOMM22,Import & Sorting,-0.171332,NULL
8/3 clone 3,TOMM22,Import & Sorting,-0.087969,NULL
8/3 clone 4,TOMM22,Import & Sorting,-0.184113,NULL
5/4,TOMM40,Import & Sorting,-0.0751145,NULL
8/3 clone 3,TOMM40,Import & Sorting,0.295277,NULL
8/3 clone 4,TOMM40,Import & Sorting,0.0632564,NULL
5/4,TOMM40L,Import & Sorting,-0.686537,NULL
8/3 clone 3,TOMM40L,Import & Sorting,0.00972798,NULL
8/3 clone 4,TOMM40L,Import & Sorting,0.0787674,NULL
5/4,TOMM5,Import & Sorting,-0.95617,NULL
8/3 clone 3,TOMM5,Import & Sorting,-0.106657,NULL
8/3 clone 4,TOMM5,Import & Sorting,-0.300802,NULL
5/4,TOMM6,Import & Sorting,-0.366469,NULL
8/3 clone 3,TOMM6,Import & Sorting,0.0826949,NULL
8/3 clone 4,TOMM6,Import & Sorting,-0.00360644,NULL
5/4,TOMM7,Import & Sorting,-0.0695045,NULL
8/3 clone 3,TOMM7,Import & Sorting,-0.292059,NULL
8/3 clone 4,TOMM7,Import & Sorting,-0.33279,NULL
5/4,TOMM70A,Import & Sorting,-0.255388,NULL
8/3 clone 3,TOMM70A,Import & Sorting,-0.0181508,chr3 100082857 C>G UTR_3_PRIME
8/3 clone 4,TOMM70A,Import & Sorting,-0.0785746,chr3 100082857 C>G UTR_3_PRIME
5/4,AFG3L2,Mitochondrial Dynamics,-0.322272,NULL
8/3 clone 3,AFG3L2,Mitochondrial Dynamics,-0.00179554,NULL
8/3 clone 4,AFG3L2,Mitochondrial Dynamics,-0.144147,chr18 12351342 C>T SYNONYMOUS_CODING
5/4,AMBRA1,Mitochondrial Dynamics,-0.292259,NULL
8/3 clone 3,AMBRA1,Mitochondrial Dynamics,-0.0564161,NULL
8/3 clone 4,AMBRA1,Mitochondrial Dynamics,0.00582663,NULL
5/4,BECN1,Mitochondrial Dynamics,-0.0762926,NULL
8/3 clone 3,BECN1,Mitochondrial Dynamics,0.00284626,NULL
8/3 clone 4,BECN1,Mitochondrial Dynamics,0.016066,NULL
5/4,BNIP3,Mitochondrial Dynamics,0.0561793,NULL
8/3 clone 3,BNIP3,Mitochondrial Dynamics,0.302704,NULL
8/3 clone 4,BNIP3,Mitochondrial Dynamics,-0.0671011,NULL
5/4,BNIP3L,Mitochondrial Dynamics,0.718376,NULL
8/3 clone 3,BNIP3L,Mitochondrial Dynamics,0.483905,chr8 26240646 A>G UTR_5_PRIME | chr8 26269032 C>T UTR_3_PRIME | chr8 26269412 C>T UTR_3_PRIME
8/3 clone 4,BNIP3L,Mitochondrial Dynamics,0.430641,chr8 26269032 C>T UTR_3_PRIME | chr8 26269412 C>T UTR_3_PRIME
5/4,DNM1L,Mitochondrial Dynamics,0.153299,NULL
8/3 clone 3,DNM1L,Mitochondrial Dynamics,0.028682,chr12 32854366 A>C SYNONYMOUS_CODING | chr12 32875406 A>G SYNONYMOUS_CODING
8/3 clone 4,DNM1L,Mitochondrial Dynamics,0.0668568,chr12 32854366 A>C SYNONYMOUS_CODING | chr12 32875406 A>G SYNONYMOUS_CODING | chr12 32896365 G>C UTR_3_PRIME | chr12 32896366 A>T UTR_3_PRIME
5/4,DYNLL1,Mitochondrial Dynamics,0.361159,NULL
8/3 clone 3,DYNLL1,Mitochondrial Dynamics,-0.00246572,NULL
8/3 clone 4,DYNLL1,Mitochondrial Dynamics,0.132498,NULL
5/4,FIS1,Mitochondrial Dynamics,-0.422012,NULL
8/3 clone 3,FIS1,Mitochondrial Dynamics,0.00349824,NULL
8/3 clone 4,FIS1,Mitochondrial Dynamics,-0.0896701,NULL
5/4,GABARAP,Mitochondrial Dynamics,0.0987915,NULL
8/3 clone 3,GABARAP,Mitochondrial Dynamics,-0.150535,NULL
8/3 clone 4,GABARAP,Mitochondrial Dynamics,-0.0141709,NULL
5/4,GDAP1,Mitochondrial Dynamics,-0.393757,NULL
8/3 clone 3,GDAP1,Mitochondrial Dynamics,0.43456,chr8 75274141 T>G SYNONYMOUS_CODING
8/3 clone 4,GDAP1,Mitochondrial Dynamics,0.302993,NULL
5/4,KIF1B,Mitochondrial Dynamics,0.041374,NULL
8/3 clone 3,KIF1B,Mitochondrial Dynamics,-0.153663,NULL
8/3 clone 4,KIF1B,Mitochondrial Dynamics,0.131005,NULL
5/4,KIF5B,Mitochondrial Dynamics,0.331531,chr10 32300337 AT/A: DEL: 3'UTR
8/3 clone 3,KIF5B,Mitochondrial Dynamics,0.0167579,chr10 32323708 T>C NON_SYNONYMOUS_CODING
8/3 clone 4,KIF5B,Mitochondrial Dynamics,0.219993,chr10 32323708 T>C NON_SYNONYMOUS_CODING
5/4,MARCH5,Mitochondrial Dynamics,-0.287089,NULL
8/3 clone 3,MARCH5,Mitochondrial Dynamics,-0.198512,NULL
8/3 clone 4,MARCH5,Mitochondrial Dynamics,0.0634793,NULL
5/4,MFF,Mitochondrial Dynamics,-0.0524473,NULL
8/3 clone 3,MFF,Mitochondrial Dynamics,-0.0206169,NULL
8/3 clone 4,MFF,Mitochondrial Dynamics,0.0460338,NULL
5/4,MFN1,Mitochondrial Dynamics,0.328798,NULL
8/3 clone 3,MFN1,Mitochondrial Dynamics,-0.134861,NULL
8/3 clone 4,MFN1,Mitochondrial Dynamics,-0.0148787,chr3 179096508 C>G NON_SYNONYMOUS_CODING
5/4,MFN2,Mitochondrial Dynamics,0.224459,NULL
8/3 clone 3,MFN2,Mitochondrial Dynamics,0.11468,NULL
8/3 clone 4,MFN2,Mitochondrial Dynamics,0.0933886,chr1 12073251 GA>G UTR_3_PRIME
5/4,MSTO1,Mitochondrial Dynamics,-0.220379,NULL
8/3 clone 3,MSTO1,Mitochondrial Dynamics,0.0980628,NULL
8/3 clone 4,MSTO1,Mitochondrial Dynamics,-0.10051,NULL
5/4,MTFP1,Mitochondrial Dynamics,-0.394254,NULL
8/3 clone 3,MTFP1,Mitochondrial Dynamics,0.192745,NULL
8/3 clone 4,MTFP1,Mitochondrial Dynamics,0.0696317,NULL
5/4,OMA1,Mitochondrial Dynamics,0.254963,NULL
8/3 clone 3,OMA1,Mitochondrial Dynamics,0.198058,NULL
8/3 clone 4,OMA1,Mitochondrial Dynamics,-0.0144951,NULL
5/4,OPA1,Mitochondrial Dynamics,0.00414374,NULL
8/3 clone 3,OPA1,Mitochondrial Dynamics,-0.116645,chr3 193361168 T>A NON_SYNONYMOUS_CODING | chr3 193414675 T>C UTR_3_PRIME
8/3 clone 4,OPA1,Mitochondrial Dynamics,0.0365188,chr3 193361168 T>A NON_SYNONYMOUS_CODING | chr3 193364872 A>C SYNONYMOUS_CODING | chr3 193412672 A>G UTR_3_PRIME
5/4,OPA3,Mitochondrial Dynamics,0.289801,NULL
8/3 clone 3,OPA3,Mitochondrial Dynamics,-0.0132141,NULL
8/3 clone 4,OPA3,Mitochondrial Dynamics,-0.0638697,NULL
5/4,PARL,Mitochondrial Dynamics,-0.00106144,NULL
8/3 clone 3,PARL,Mitochondrial Dynamics,0.157639,chr3 183558402 C>G NON_SYNONYMOUS_CODING
8/3 clone 4,PARL,Mitochondrial Dynamics,0.082715,chr3 183558402 C>G NON_SYNONYMOUS_CODING
5/4,PINK1,Mitochondrial Dynamics,0.483554,NULL
8/3 clone 3,PINK1,Mitochondrial Dynamics,0.137564,chr1 20977365 C>G UTR_3_PRIME | chr1 20977599 C>G UTR_3_PRIME
8/3 clone 4,PINK1,Mitochondrial Dynamics,0.338557,chr1 20977365 C>G UTR_3_PRIME | chr1 20977599 C>G UTR_3_PRIME | chr1 20977748 T>G UTR_3_PRIME
5/4,PKIA,Mitochondrial Dynamics,-1.03206,NULL
8/3 clone 3,PKIA,Mitochondrial Dynamics,0.345985,NULL
8/3 clone 4,PKIA,Mitochondrial Dynamics,1.1042,NULL
5/4,PLD6,Mitochondrial Dynamics,-0.59024,NULL
8/3 clone 3,PLD6,Mitochondrial Dynamics,0.467472,NULL
8/3 clone 4,PLD6,Mitochondrial Dynamics,0.149109,NULL
5/4,RHOT1,Mitochondrial Dynamics,-0.173842,NULL
8/3 clone 3,RHOT1,Mitochondrial Dynamics,-0.0926099,NULL
8/3 clone 4,RHOT1,Mitochondrial Dynamics,-0.0951911,NULL
5/4,RHOT2,Mitochondrial Dynamics,0.0656722,NULL
8/3 clone 3,RHOT2,Mitochondrial Dynamics,0.268411,chr16 723820 C>T UTR_3_PRIME | chr16 723838 C>A UTR_3_PRIME
8/3 clone 4,RHOT2,Mitochondrial Dynamics,0.0516283,chr16 723725 G>T UTR_3_PRIME | chr16 723838 C>A UTR_3_PRIME
5/4,SH3GLB1,Mitochondrial Dynamics,0.194996,NULL
8/3 clone 3,SH3GLB1,Mitochondrial Dynamics,-0.0574027,chr1 87200817 C>T NON_SYNONYMOUS_CODING
8/3 clone 4,SH3GLB1,Mitochondrial Dynamics,0.181577,chr1 87200817 C>T NON_SYNONYMOUS_CODING
5/4,SPG7,Mitochondrial Dynamics,0.221754,NULL
8/3 clone 3,SPG7,Mitochondrial Dynamics,0.0736425,NULL
8/3 clone 4,SPG7,Mitochondrial Dynamics,0.0101037,NULL
5/4,SQSTM1,Mitochondrial Dynamics,1.77694,NULL
8/3 clone 3,SQSTM1,Mitochondrial Dynamics,0.124357,NULL
8/3 clone 4,SQSTM1,Mitochondrial Dynamics,0.2603,NULL
5/4,STOML2,Mitochondrial Dynamics,-0.472715,NULL
8/3 clone 3,STOML2,Mitochondrial Dynamics,0.108511,NULL
8/3 clone 4,STOML2,Mitochondrial Dynamics,-0.074696,NULL
5/4,SYBU,Mitochondrial Dynamics,-1.5281,NULL
8/3 clone 3,SYBU,Mitochondrial Dynamics,0.0184527,NULL
8/3 clone 4,SYBU,Mitochondrial Dynamics,-0.26632,NULL
5/4,TRAK1,Mitochondrial Dynamics,-0.521443,NULL
8/3 clone 3,TRAK1,Mitochondrial Dynamics,-0.0571873,NULL
8/3 clone 4,TRAK1,Mitochondrial Dynamics,0.114977,NULL
5/4,TRAK2,Mitochondrial Dynamics,0.28942,NULL
8/3 clone 3,TRAK2,Mitochondrial Dynamics,-0.0633857,NULL
8/3 clone 4,TRAK2,Mitochondrial Dynamics,0.173173,NULL
5/4,TRAP1,Mitochondrial Dynamics,-0.769066,NULL
8/3 clone 3,TRAP1,Mitochondrial Dynamics,0.0999754,NULL
8/3 clone 4,TRAP1,Mitochondrial Dynamics,-0.256518,NULL
5/4,YME1L1,Mitochondrial Dynamics,-0.0707534,NULL
8/3 clone 3,YME1L1,Mitochondrial Dynamics,-0.0752538,NULL
8/3 clone 4,YME1L1,Mitochondrial Dynamics,-0.303678,NULL
5/4,BRP44,Pyruvate transfer,0.851159,NULL
8/3 clone 3,BRP44,Pyruvate transfer,-0.00321422,NULL
8/3 clone 4,BRP44,Pyruvate transfer,0.0495591,NULL
5/4,BRP44L,Pyruvate transfer,0.0506873,NULL
8/3 clone 3,BRP44L,Pyruvate transfer,-0.536267,NULL
8/3 clone 4,BRP44L,Pyruvate transfer,-0.50263,NULL
5/4,BCKDHA,ROS defense,0.376689,NULL
8/3 clone 3,BCKDHA,ROS defense,0.0926783,chr19 41928652 C>T SYNONYMOUS_CODING | chr19 41930396 A>G SYNONYMOUS_CODING
8/3 clone 4,BCKDHA,ROS defense,-0.211162,chr19 41928652 C>T SYNONYMOUS_CODING | chr19 41930396 A>G SYNONYMOUS_CODING
5/4,BCKDHB,ROS defense,-0.279928,NULL
8/3 clone 3,BCKDHB,ROS defense,0.167055,NULL
8/3 clone 4,BCKDHB,ROS defense,-0.0162456,NULL
5/4,GCLC,ROS defense,0.277478,NULL
8/3 clone 3,GCLC,ROS defense,-0.0483348,chr6 53363452 A>G UTR_3_PRIME
8/3 clone 4,GCLC,ROS defense,0.0823115,chr6 53363452 A>G UTR_3_PRIME
5/4,GCLM,ROS defense,1.15434,NULL
8/3 clone 3,GCLM,ROS defense,0.102806,NULL
8/3 clone 4,GCLM,ROS defense,0.533289,NULL
5/4,GLRX2,ROS defense,-1.43993,NULL
8/3 clone 3,GLRX2,ROS defense,-0.188704,NULL
8/3 clone 4,GLRX2,ROS defense,0.00203471,NULL
5/4,GPX1,ROS defense,0.27404,NULL
8/3 clone 3,GPX1,ROS defense,0.167256,NULL
8/3 clone 4,GPX1,ROS defense,0.172346,NULL
5/4,GPX4,ROS defense,-0.191125,NULL
8/3 clone 3,GPX4,ROS defense,-0.0246449,NULL
8/3 clone 4,GPX4,ROS defense,0.0747163,NULL
5/4,GSR,ROS defense,-0.504019,NULL
8/3 clone 3,GSR,ROS defense,0.738735,NULL
8/3 clone 4,GSR,ROS defense,0.646717,NULL
5/4,GSS,ROS defense,-0.118735,NULL
8/3 clone 3,GSS,ROS defense,0.131752,NULL
8/3 clone 4,GSS,ROS defense,-0.0508654,NULL
5/4,GSTA1,ROS defense,-2.89425,NULL
8/3 clone 3,GSTA1,ROS defense,-0.700369,NULL
8/3 clone 4,GSTA1,ROS defense,-0.361613,NULL
5/4,GSTA2,ROS defense,-2.34913,NULL
8/3 clone 3,GSTA2,ROS defense,-0.498273,NULL
8/3 clone 4,GSTA2,ROS defense,-0.507733,NULL
5/4,GSTA4,ROS defense,0.589549,NULL
8/3 clone 3,GSTA4,ROS defense,0.306376,NULL
8/3 clone 4,GSTA4,ROS defense,0.00449738,NULL
5/4,GSTP1,ROS defense,0.136039,NULL
8/3 clone 3,GSTP1,ROS defense,0.0190579,NULL
8/3 clone 4,GSTP1,ROS defense,0.0123256,NULL
5/4,MPV17,ROS defense,-0.28843,NULL
8/3 clone 3,MPV17,ROS defense,0.265259,NULL
8/3 clone 4,MPV17,ROS defense,-0.052778,NULL
5/4,PRDX3,ROS defense,-0.158463,NULL
8/3 clone 3,PRDX3,ROS defense,-0.0583312,NULL
8/3 clone 4,PRDX3,ROS defense,0.0208508,NULL
5/4,SHC1,ROS defense,0.931169,NULL
8/3 clone 3,SHC1,ROS defense,-0.113476,NULL
8/3 clone 4,SHC1,ROS defense,-0.0733401,NULL
5/4,SLC25A1,ROS defense,-0.244209,NULL
8/3 clone 3,SLC25A1,ROS defense,0.208743,NULL
8/3 clone 4,SLC25A1,ROS defense,0.0059436,NULL
5/4,SOD1,ROS defense,0.106663,NULL
8/3 clone 3,SOD1,ROS defense,-0.120566,chr21 33032042 G>A UTR_5_PRIME
8/3 clone 4,SOD1,ROS defense,0.00191902,chr21 33032042 G>A UTR_5_PRIME
5/4,SOD2,ROS defense,-0.0913631,NULL
8/3 clone 3,SOD2,ROS defense,0.0440344,NULL
8/3 clone 4,SOD2,ROS defense,-0.0866853,NULL
5/4,TXN2,ROS defense,-0.112219,NULL
8/3 clone 3,TXN2,ROS defense,0.0858414,NULL
8/3 clone 4,TXN2,ROS defense,-0.154652,NULL
5/4,TXNRD2,ROS defense,0.168682,NULL
8/3 clone 3,TXNRD2,ROS defense,0.122014,chr22 19863156 TG>T UTR_3_PRIME | chr22 19906511 G>A SYNONYMOUS_CODING
8/3 clone 4,TXNRD2,ROS defense,0.168535,chr22 19863156 TG>T UTR_3_PRIME | chr22 19906511 G>A SYNONYMOUS_CODING
5/4,AK3,Replication & Transcription,-0.425085,NULL
8/3 clone 3,AK3,Replication & Transcription,-0.279041,NULL
8/3 clone 4,AK3,Replication & Transcription,-0.287436,NULL
5/4,AK4,Replication & Transcription,0.361404,NULL
8/3 clone 3,AK4,Replication & Transcription,-0.212049,NULL
8/3 clone 4,AK4,Replication & Transcription,0.0753016,chr1 65695853 A>G UTR_3_PRIME
5/4,APEX1,Replication & Transcription,-0.692803,NULL
8/3 clone 3,APEX1,Replication & Transcription,-0.111887,NULL
8/3 clone 4,APEX1,Replication & Transcription,-0.124135,NULL
5/4,APEX2,Replication & Transcription,-0.309783,NULL
8/3 clone 3,APEX2,Replication & Transcription,0.0119149,NULL
8/3 clone 4,APEX2,Replication & Transcription,-0.191744,NULL
5/4,C10orf2,Replication & Transcription,-1.0818,NULL
8/3 clone 3,C10orf2,Replication & Transcription,-0.0617255,NULL
8/3 clone 4,C10orf2,Replication & Transcription,-0.308421,NULL
5/4,CDK5RAP1,Replication & Transcription,0.148834,NULL
8/3 clone 3,CDK5RAP1,Replication & Transcription,0.139778,NULL
8/3 clone 4,CDK5RAP1,Replication & Transcription,-0.0168755,NULL
5/4,CDKAL1,Replication & Transcription,-0.160582,NULL
8/3 clone 3,CDKAL1,Replication & Transcription,-0.482368,NULL
8/3 clone 4,CDKAL1,Replication & Transcription,-0.000901661,NULL
5/4,CMPK2,Replication & Transcription,1.83451,NULL
8/3 clone 3,CMPK2,Replication & Transcription,0.426128,NULL
8/3 clone 4,CMPK2,Replication & Transcription,-0.0126885,NULL
5/4,CREB1,Replication & Transcription,-0.0134494,NULL
8/3 clone 3,CREB1,Replication & Transcription,-0.0463813,NULL
8/3 clone 4,CREB1,Replication & Transcription,0.0162427,NULL
5/4,DUS2L,Replication & Transcription,-0.308845,NULL
8/3 clone 3,DUS2L,Replication & Transcription,0.309851,NULL
8/3 clone 4,DUS2L,Replication & Transcription,0.173201,NULL
5/4,ELAC2,Replication & Transcription,-0.329598,NULL
8/3 clone 3,ELAC2,Replication & Transcription,0.0661724,NULL
8/3 clone 4,ELAC2,Replication & Transcription,-0.0271843,NULL
5/4,ENDOG,Replication & Transcription,0.183053,NULL
8/3 clone 3,ENDOG,Replication & Transcription,0.0332295,NULL
8/3 clone 4,ENDOG,Replication & Transcription,-0.142321,NULL
5/4,GTPBP3,Replication & Transcription,-0.388827,NULL
8/3 clone 3,GTPBP3,Replication & Transcription,0.0421114,chr19 17450016 T>C NON_SYNONYMOUS_CODING
8/3 clone 4,GTPBP3,Replication & Transcription,0.0408971,chr19 17450016 T>C NON_SYNONYMOUS_CODING
5/4,HSD17B10,Replication & Transcription,-0.135832,NULL
8/3 clone 3,HSD17B10,Replication & Transcription,0.0125644,NULL
8/3 clone 4,HSD17B10,Replication & Transcription,-0.0612962,NULL
5/4,KIAA0391,Replication & Transcription,0.127623,NULL
8/3 clone 3,KIAA0391,Replication & Transcription,0.111769,chr14 35592538 C>G SYNONYMOUS_CODING
8/3 clone 4,KIAA0391,Replication & Transcription,0.0655984,NULL
5/4,LIG3,Replication & Transcription,-0.250298,NULL
8/3 clone 3,LIG3,Replication & Transcription,0.113275,NULL
8/3 clone 4,LIG3,Replication & Transcription,0.0323954,NULL
5/4,MTO1,Replication & Transcription,0.387255,NULL
8/3 clone 3,MTO1,Replication & Transcription,0.116596,NULL
8/3 clone 4,MTO1,Replication & Transcription,0.0494296,NULL
5/4,MTPAP,Replication & Transcription,-0.310235,NULL
8/3 clone 3,MTPAP,Replication & Transcription,-0.101379,NULL
8/3 clone 4,MTPAP,Replication & Transcription,-0.208287,NULL
5/4,MUTYH,Replication & Transcription,-0.66436,NULL
8/3 clone 3,MUTYH,Replication & Transcription,0.477215,NULL
8/3 clone 4,MUTYH,Replication & Transcription,-0.0775144,NULL
5/4,NFE2L2,Replication & Transcription,-0.0988016,NULL
8/3 clone 3,NFE2L2,Replication & Transcription,0.193687,NULL
8/3 clone 4,NFE2L2,Replication & Transcription,0.290595,NULL
5/4,NME3,Replication & Transcription,0.11598,NULL
8/3 clone 3,NME3,Replication & Transcription,-0.00926505,NULL
8/3 clone 4,NME3,Replication & Transcription,-0.0942106,NULL
5/4,NME4,Replication & Transcription,-0.226675,NULL
8/3 clone 3,NME4,Replication & Transcription,-0.0454755,NULL
8/3 clone 4,NME4,Replication & Transcription,-0.0573637,NULL
5/4,NME6,Replication & Transcription,-0.0369696,NULL
8/3 clone 3,NME6,Replication & Transcription,0.153501,NULL
8/3 clone 4,NME6,Replication & Transcription,0.306534,NULL
5/4,NRF1,Replication & Transcription,0.00266699,NULL
8/3 clone 3,NRF1,Replication & Transcription,0.145807,NULL
8/3 clone 4,NRF1,Replication & Transcription,0.0918905,NULL
5/4,NSUN2,Replication & Transcription,-0.0952705,NULL
8/3 clone 3,NSUN2,Replication & Transcription,0.141175,NULL
8/3 clone 4,NSUN2,Replication & Transcription,0.0663345,NULL
5/4,NTHL1,Replication & Transcription,-0.395736,NULL
8/3 clone 3,NTHL1,Replication & Transcription,0.118217,NULL
8/3 clone 4,NTHL1,Replication & Transcription,-0.125796,NULL
5/4,OGG1,Replication & Transcription,0.509902,NULL
8/3 clone 3,OGG1,Replication & Transcription,0.109334,NULL
8/3 clone 4,OGG1,Replication & Transcription,0.112684,NULL
5/4,OSGEPL1,Replication & Transcription,0.226195,NULL
8/3 clone 3,OSGEPL1,Replication & Transcription,-0.19865,NULL
8/3 clone 4,OSGEPL1,Replication & Transcription,-0.503514,NULL
5/4,POLG,Replication & Transcription,0.0980964,NULL
8/3 clone 3,POLG,Replication & Transcription,0.0873651,NULL
8/3 clone 4,POLG,Replication & Transcription,-0.00517634,NULL
5/4,POLG2,Replication & Transcription,-0.807134,NULL
8/3 clone 3,POLG2,Replication & Transcription,0.0570221,NULL
8/3 clone 4,POLG2,Replication & Transcription,-0.189279,NULL
5/4,POLRMT,Replication & Transcription,0.0830875,NULL
8/3 clone 3,POLRMT,Replication & Transcription,0.217422,NULL
8/3 clone 4,POLRMT,Replication & Transcription,-0.00520224,NULL
5/4,PUS1,Replication & Transcription,-0.824706,NULL
8/3 clone 3,PUS1,Replication & Transcription,0.184833,chr12 132423796 C>A NON_SYNONYMOUS_CODING
8/3 clone 4,PUS1,Replication & Transcription,-0.276389,chr12 132423796 C>A NON_SYNONYMOUS_CODING
5/4,PUS3,Replication & Transcription,-0.310828,NULL
8/3 clone 3,PUS3,Replication & Transcription,-0.230841,NULL
8/3 clone 4,PUS3,Replication & Transcription,-0.382178,NULL
5/4,QTRT1,Replication & Transcription,-0.432503,NULL
8/3 clone 3,QTRT1,Replication & Transcription,0.203368,NULL
8/3 clone 4,QTRT1,Replication & Transcription,0.0187297,NULL
5/4,QTRTD1,Replication & Transcription,-0.472775,NULL
8/3 clone 3,QTRTD1,Replication & Transcription,-0.0327436,NULL
8/3 clone 4,QTRTD1,Replication & Transcription,-0.104663,NULL
5/4,RMRP,Replication & Transcription,-1.2317,NULL
8/3 clone 3,RMRP,Replication & Transcription,-2.02261,NULL
8/3 clone 4,RMRP,Replication & Transcription,-1.91684,NULL
5/4,RNASEH1,Replication & Transcription,0.138696,NULL
8/3 clone 3,RNASEH1,Replication & Transcription,0.0837091,NULL
8/3 clone 4,RNASEH1,Replication & Transcription,-0.0301435,NULL
5/4,RPUSD2,Replication & Transcription,-0.365175,NULL
8/3 clone 3,RPUSD2,Replication & Transcription,0.246261,NULL
8/3 clone 4,RPUSD2,Replication & Transcription,0.0360237,NULL
5/4,RPUSD4,Replication & Transcription,-0.614644,NULL
8/3 clone 3,RPUSD4,Replication & Transcription,0.0924296,NULL
8/3 clone 4,RPUSD4,Replication & Transcription,-0.0758955,NULL
5/4,RRM2B,Replication & Transcription,-0.0180886,NULL
8/3 clone 3,RRM2B,Replication & Transcription,0.281536,NULL
8/3 clone 4,RRM2B,Replication & Transcription,0.262337,NULL
5/4,SLC25A19,Replication & Transcription,-1.45292,NULL
8/3 clone 3,SLC25A19,Replication & Transcription,0.123444,chr17 73269676 C>T SYNONYMOUS_CODING
8/3 clone 4,SLC25A19,Replication & Transcription,-0.154512,NULL
5/4,SLC25A3,Replication & Transcription,-0.161299,NULL
8/3 clone 3,SLC25A3,Replication & Transcription,-0.122077,NULL
8/3 clone 4,SLC25A3,Replication & Transcription,-0.0566764,NULL
5/4,SLC25A33,Replication & Transcription,-0.0219958,NULL
8/3 clone 3,SLC25A33,Replication & Transcription,-0.121994,NULL
8/3 clone 4,SLC25A33,Replication & Transcription,-0.256158,NULL
5/4,SLC29A1,Replication & Transcription,-0.466474,NULL
8/3 clone 3,SLC29A1,Replication & Transcription,0.279495,NULL
8/3 clone 4,SLC29A1,Replication & Transcription,-0.104857,NULL
5/4,SSBP1,Replication & Transcription,-0.271446,NULL
8/3 clone 3,SSBP1,Replication & Transcription,-0.182194,NULL
8/3 clone 4,SSBP1,Replication & Transcription,-0.215617,NULL
5/4,TERT,Replication & Transcription,-1.74289,NULL
8/3 clone 3,TERT,Replication & Transcription,0.33429,NULL
8/3 clone 4,TERT,Replication & Transcription,-0.341502,NULL
5/4,TFAM,Replication & Transcription,-0.667959,NULL
8/3 clone 3,TFAM,Replication & Transcription,-0.124317,NULL
8/3 clone 4,TFAM,Replication & Transcription,-0.319498,NULL
5/4,TFB1M,Replication & Transcription,0.182119,NULL
8/3 clone 3,TFB1M,Replication & Transcription,-0.107592,NULL
8/3 clone 4,TFB1M,Replication & Transcription,-0.148921,NULL
5/4,TFB2M,Replication & Transcription,-0.401949,NULL
8/3 clone 3,TFB2M,Replication & Transcription,-0.0746175,NULL
8/3 clone 4,TFB2M,Replication & Transcription,-0.19138,NULL
5/4,TK2,Replication & Transcription,0.558719,NULL
8/3 clone 3,TK2,Replication & Transcription,-0.162517,NULL
8/3 clone 4,TK2,Replication & Transcription,-0.00711824,NULL
5/4,TOP1MT,Replication & Transcription,-0.273503,NULL
8/3 clone 3,TOP1MT,Replication & Transcription,-0.146248,NULL
8/3 clone 4,TOP1MT,Replication & Transcription,0.520883,NULL
5/4,TOP3A,Replication & Transcription,-0.081567,NULL
8/3 clone 3,TOP3A,Replication & Transcription,-0.0172735,NULL
8/3 clone 4,TOP3A,Replication & Transcription,-0.0856871,NULL
5/4,TRIT1,Replication & Transcription,-0.563625,NULL
8/3 clone 3,TRIT1,Replication & Transcription,-0.132316,chr1 40306865 C>T UTR_3_PRIME
8/3 clone 4,TRIT1,Replication & Transcription,-0.191458,chr1 40306865 C>T UTR_3_PRIME | chr1 40306898 T>C UTR_3_PRIME
5/4,TRMT1,Replication & Transcription,-0.460001,NULL
8/3 clone 3,TRMT1,Replication & Transcription,0.107113,NULL
8/3 clone 4,TRMT1,Replication & Transcription,-0.209288,NULL
5/4,TRMT11,Replication & Transcription,-0.546232,NULL
8/3 clone 3,TRMT11,Replication & Transcription,-0.204252,NULL
8/3 clone 4,TRMT11,Replication & Transcription,-0.342218,NULL
5/4,TRMT112,Replication & Transcription,0.160184,NULL
8/3 clone 3,TRMT112,Replication & Transcription,0.0762211,NULL
8/3 clone 4,TRMT112,Replication & Transcription,-0.0661355,NULL
5/4,TRMT2B,Replication & Transcription,0.522388,NULL
8/3 clone 3,TRMT2B,Replication & Transcription,-0.201686,NULL
8/3 clone 4,TRMT2B,Replication & Transcription,0.0414926,NULL
5/4,TRMT5,Replication & Transcription,-0.165846,NULL
8/3 clone 3,TRMT5,Replication & Transcription,-0.169923,NULL
8/3 clone 4,TRMT5,Replication & Transcription,-0.270431,chr14 61445967 A>G NON_SYNONYMOUS_CODING
5/4,TRMT6,Replication & Transcription,0.0141549,NULL
8/3 clone 3,TRMT6,Replication & Transcription,-0.0734927,NULL
8/3 clone 4,TRMT6,Replication & Transcription,-0.148657,NULL
5/4,TRMT61B,Replication & Transcription,-0.118783,NULL
8/3 clone 3,TRMT61B,Replication & Transcription,-0.0686984,NULL
8/3 clone 4,TRMT61B,Replication & Transcription,-0.0310631,NULL
5/4,TRMU,Replication & Transcription,-0.200499,NULL
8/3 clone 3,TRMU,Replication & Transcription,-0.176878,NULL
8/3 clone 4,TRMU,Replication & Transcription,-0.11855,NULL
5/4,TRNT1,Replication & Transcription,0.0671684,NULL
8/3 clone 3,TRNT1,Replication & Transcription,-0.0273587,NULL
8/3 clone 4,TRNT1,Replication & Transcription,-0.247176,NULL
5/4,TRUB2,Replication & Transcription,-0.381412,NULL
8/3 clone 3,TRUB2,Replication & Transcription,-0.0281187,NULL
8/3 clone 4,TRUB2,Replication & Transcription,-0.0312846,NULL
5/4,UNG,Replication & Transcription,-0.335202,NULL
8/3 clone 3,UNG,Replication & Transcription,-0.19492,NULL
8/3 clone 4,UNG,Replication & Transcription,-0.148833,NULL
5/4,YRDC,Replication & Transcription,-0.307633,NULL
8/3 clone 3,YRDC,Replication & Transcription,0.117352,NULL
8/3 clone 4,YRDC,Replication & Transcription,0.111562,chr1 38268918 T>C UTR_3_PRIME
5/4,AARS2,Translation,-0.509629,NULL
8/3 clone 3,AARS2,Translation,0.052228,NULL
8/3 clone 4,AARS2,Translation,-0.149526,NULL
5/4,ATAD3A,Translation,-0.237153,NULL
8/3 clone 3,ATAD3A,Translation,0.262688,NULL
8/3 clone 4,ATAD3A,Translation,-0.0623268,NULL
5/4,ATAD3B,Translation,-0.188463,NULL
8/3 clone 3,ATAD3B,Translation,0.197253,chr1 1425753 T>C NON_SYNONYMOUS_CODING
8/3 clone 4,ATAD3B,Translation,-0.105794,chr1 1425753 T>C NON_SYNONYMOUS_CODING
5/4,CARS2,Translation,0.333145,NULL
8/3 clone 3,CARS2,Translation,0.049591,chr13 111293915 T>G NON_SYNONYMOUS_CODING | chr13 111319754 T>C SYNONYMOUS_CODING
8/3 clone 4,CARS2,Translation,0.0654724,chr13 111293915 T>G NON_SYNONYMOUS_CODING | chr13 111319754 T>C SYNONYMOUS_CODING
5/4,CLPP,Translation,-0.688411,NULL
8/3 clone 3,CLPP,Translation,0.0951573,NULL
8/3 clone 4,CLPP,Translation,0.00753039,NULL
5/4,CLPX,Translation,-0.271914,NULL
8/3 clone 3,CLPX,Translation,-0.109257,NULL
8/3 clone 4,CLPX,Translation,-0.23506,NULL
5/4,DAP3,Translation,-0.200336,NULL
8/3 clone 3,DAP3,Translation,-0.0356414,chr1 155658940 T>G UTR_5_PRIME
8/3 clone 4,DAP3,Translation,0.0310415,NULL
5/4,DARS2,Translation,-0.406307,NULL
8/3 clone 3,DARS2,Translation,0.345424,NULL
8/3 clone 4,DARS2,Translation,0.200554,NULL
5/4,DDX28,Translation,-0.678136,NULL
8/3 clone 3,DDX28,Translation,0.182399,NULL
8/3 clone 4,DDX28,Translation,-0.179379,NULL
5/4,DHX30,Translation,-0.28741,NULL
8/3 clone 3,DHX30,Translation,0.0209023,NULL
8/3 clone 4,DHX30,Translation,0.110168,NULL
5/4,EARS2,Translation,-0.277853,NULL
8/3 clone 3,EARS2,Translation,-0.017712,chr16 23535680 A>C UTR_3_PRIME
8/3 clone 4,EARS2,Translation,-0.105327,chr16 23535680 A>C UTR_3_PRIME
5/4,FARS2,Translation,0.819286,NULL
8/3 clone 3,FARS2,Translation,0.109481,NULL
8/3 clone 4,FARS2,Translation,-0.0302814,NULL
5/4,GARS,Translation,0.342866,NULL
8/3 clone 3,GARS,Translation,0.181232,NULL
8/3 clone 4,GARS,Translation,0.0795567,NULL
5/4,GATC,Translation,-0.463682,NULL
8/3 clone 3,GATC,Translation,-0.122589,NULL
8/3 clone 4,GATC,Translation,-0.134127,chr12 120901045 G>A UTR_3_PRIME
5/4,GFM1,Translation,0.0614286,NULL
8/3 clone 3,GFM1,Translation,0.0866773,NULL
8/3 clone 4,GFM1,Translation,0.0842604,NULL
5/4,GFM2,Translation,1.05133,NULL
8/3 clone 3,GFM2,Translation,-0.151973,NULL
8/3 clone 4,GFM2,Translation,-0.00980616,chr5 74046464 C>T SYNONYMOUS_CODING
5/4,HARS2,Translation,-0.269555,NULL
8/3 clone 3,HARS2,Translation,0.0386867,NULL
8/3 clone 4,HARS2,Translation,0.192133,NULL
5/4,IARS2,Translation,0.0896157,NULL
8/3 clone 3,IARS2,Translation,0.032936,NULL
8/3 clone 4,IARS2,Translation,0.103212,NULL
5/4,KARS,Translation,-0.283245,NULL
8/3 clone 3,KARS,Translation,-0.0176809,NULL
8/3 clone 4,KARS,Translation,-0.129599,NULL
5/4,LARS2,Translation,-0.0129305,NULL
8/3 clone 3,LARS2,Translation,0.144474,chr3 45589702 T>C UTR_3_PRIME
8/3 clone 4,LARS2,Translation,0.0475841,chr3 45559519 T>C SYNONYMOUS_CODING
5/4,LONP1,Translation,-0.26629,NULL
8/3 clone 3,LONP1,Translation,0.17412,NULL
8/3 clone 4,LONP1,Translation,-0.0790062,NULL
5/4,LRPPRC,Translation,-0.311467,chr2 44145196 A/G: SNP: Missense_Mutation
8/3 clone 3,LRPPRC,Translation,-0.0970652,chr2 44209477 C>T SYNONYMOUS_CODING
8/3 clone 4,LRPPRC,Translation,-0.242699,chr2 44209477 C>T SYNONYMOUS_CODING
5/4,MARS2,Translation,-0.823736,NULL
8/3 clone 3,MARS2,Translation,0.0636595,NULL
8/3 clone 4,MARS2,Translation,-0.207087,NULL
5/4,MPV17L2,Translation,-0.049645,NULL
8/3 clone 3,MPV17L2,Translation,0.0910686,chr19 18305824 C>T SYNONYMOUS_CODING | chr19 18307108 C>T UTR_3_PRIME
8/3 clone 4,MPV17L2,Translation,0.14848,chr19 18304700 A>G NON_SYNONYMOUS_CODING | chr19 18305824 C>T SYNONYMOUS_CODING | chr19 18307108 C>T UTR_3_PRIME
5/4,MRPL1,Translation,0.0800937,NULL
8/3 clone 3,MRPL1,Translation,-0.130563,NULL
8/3 clone 4,MRPL1,Translation,-0.227114,NULL
5/4,MRPL10,Translation,-0.45632,NULL
8/3 clone 3,MRPL10,Translation,-0.0133206,NULL
8/3 clone 4,MRPL10,Translation,-0.132056,NULL
5/4,MRPL11,Translation,-0.542947,NULL
8/3 clone 3,MRPL11,Translation,0.162273,NULL
8/3 clone 4,MRPL11,Translation,-0.0772832,NULL
5/4,MRPL12,Translation,-1.01731,NULL
8/3 clone 3,MRPL12,Translation,0.0997413,NULL
8/3 clone 4,MRPL12,Translation,-0.0738082,NULL
5/4,MRPL13,Translation,-0.0182322,NULL
8/3 clone 3,MRPL13,Translation,-0.193885,NULL
8/3 clone 4,MRPL13,Translation,0.176335,NULL
5/4,MRPL14,Translation,-0.369809,NULL
8/3 clone 3,MRPL14,Translation,-0.154769,NULL
8/3 clone 4,MRPL14,Translation,-0.101645,NULL
5/4,MRPL15,Translation,-0.235546,NULL
8/3 clone 3,MRPL15,Translation,0.515478,NULL
8/3 clone 4,MRPL15,Translation,0.385674,NULL
5/4,MRPL16,Translation,-0.119503,NULL
8/3 clone 3,MRPL16,Translation,0.0695696,NULL
8/3 clone 4,MRPL16,Translation,0.0129749,NULL
5/4,MRPL17,Translation,-0.095203,NULL
8/3 clone 3,MRPL17,Translation,0.120579,NULL
8/3 clone 4,MRPL17,Translation,-0.0857078,NULL
5/4,MRPL18,Translation,-0.144902,NULL
8/3 clone 3,MRPL18,Translation,0.0378383,NULL
8/3 clone 4,MRPL18,Translation,0.0184957,NULL
5/4,MRPL19,Translation,-0.39658,NULL
8/3 clone 3,MRPL19,Translation,-0.02888,NULL
8/3 clone 4,MRPL19,Translation,-0.0814975,chr2 75874241 G>A SYNONYMOUS_CODING
5/4,MRPL2,Translation,-0.354576,NULL
8/3 clone 3,MRPL2,Translation,0.181253,NULL
8/3 clone 4,MRPL2,Translation,-0.176211,NULL
5/4,MRPL20,Translation,-0.333236,NULL
8/3 clone 3,MRPL20,Translation,-0.0349517,NULL
8/3 clone 4,MRPL20,Translation,-0.111956,NULL
5/4,MRPL21,Translation,-0.37786,NULL
8/3 clone 3,MRPL21,Translation,-0.128098,NULL
8/3 clone 4,MRPL21,Translation,-0.314368,NULL
5/4,MRPL22,Translation,-0.155106,NULL
8/3 clone 3,MRPL22,Translation,-0.179436,NULL
8/3 clone 4,MRPL22,Translation,-0.0739706,NULL
5/4,MRPL23,Translation,0.0280372,NULL
8/3 clone 3,MRPL23,Translation,-0.0335426,NULL
8/3 clone 4,MRPL23,Translation,-0.0266808,NULL
5/4,MRPL24,Translation,-0.188293,NULL
8/3 clone 3,MRPL24,Translation,0.418471,NULL
8/3 clone 4,MRPL24,Translation,0.0195,NULL
5/4,MRPL27,Translation,-0.0832069,NULL
8/3 clone 3,MRPL27,Translation,-0.0482367,NULL
8/3 clone 4,MRPL27,Translation,0.0271411,NULL
5/4,MRPL28,Translation,0.197829,NULL
8/3 clone 3,MRPL28,Translation,0.238547,NULL
8/3 clone 4,MRPL28,Translation,0.189019,NULL
5/4,MRPL3,Translation,-0.456574,NULL
8/3 clone 3,MRPL3,Translation,-0.00558707,NULL
8/3 clone 4,MRPL3,Translation,-0.11165,NULL
5/4,MRPL30,Translation,-0.517519,NULL
8/3 clone 3,MRPL30,Translation,-0.107188,NULL
8/3 clone 4,MRPL30,Translation,-0.241341,NULL
5/4,MRPL32,Translation,0.0724887,NULL
8/3 clone 3,MRPL32,Translation,-0.0363426,NULL
8/3 clone 4,MRPL32,Translation,-0.146458,NULL
5/4,MRPL33,Translation,-0.248795,NULL
8/3 clone 3,MRPL33,Translation,-0.174965,NULL
8/3 clone 4,MRPL33,Translation,-0.0489463,NULL
5/4,MRPL34,Translation,-0.207749,NULL
8/3 clone 3,MRPL34,Translation,0.0530423,NULL
8/3 clone 4,MRPL34,Translation,-0.0426032,NULL
5/4,MRPL35,Translation,-0.199897,NULL
8/3 clone 3,MRPL35,Translation,0.0216443,chr2 86433240 C>T NON_SYNONYMOUS_CODING
8/3 clone 4,MRPL35,Translation,-0.0165203,NULL
5/4,MRPL36,Translation,-0.603458,NULL
8/3 clone 3,MRPL36,Translation,-0.133761,NULL
8/3 clone 4,MRPL36,Translation,-0.315835,NULL
5/4,MRPL37,Translation,-0.0974982,NULL
8/3 clone 3,MRPL37,Translation,0.00529217,NULL
8/3 clone 4,MRPL37,Translation,-0.107545,NULL
5/4,MRPL38,Translation,-0.783028,NULL
8/3 clone 3,MRPL38,Translation,0.165569,NULL
8/3 clone 4,MRPL38,Translation,-0.0414651,NULL
5/4,MRPL39,Translation,-0.232663,NULL
8/3 clone 3,MRPL39,Translation,0.0319913,chr21 26965148 G>A SYNONYMOUS_CODING | chr21 26965205 T>C SYNONYMOUS_CODING
8/3 clone 4,MRPL39,Translation,-0.103618,NULL
5/4,MRPL4,Translation,-0.466443,NULL
8/3 clone 3,MRPL4,Translation,0.245961,NULL
8/3 clone 4,MRPL4,Translation,-0.0373348,NULL
5/4,MRPL40,Translation,0.033994,NULL
8/3 clone 3,MRPL40,Translation,0.083297,NULL
8/3 clone 4,MRPL40,Translation,0.0131546,NULL
5/4,MRPL41,Translation,0.363924,NULL
8/3 clone 3,MRPL41,Translation,-0.101505,NULL
8/3 clone 4,MRPL41,Translation,-0.0435911,NULL
5/4,MRPL42,Translation,-0.174076,NULL
8/3 clone 3,MRPL42,Translation,-0.125194,NULL
8/3 clone 4,MRPL42,Translation,-0.109029,NULL
5/4,MRPL43,Translation,0.175264,NULL
8/3 clone 3,MRPL43,Translation,0.0192508,NULL
8/3 clone 4,MRPL43,Translation,0.0258386,NULL
5/4,MRPL44,Translation,-0.136251,NULL
8/3 clone 3,MRPL44,Translation,0.0721107,chr2 224824617 A>G SYNONYMOUS_CODING
8/3 clone 4,MRPL44,Translation,0.00959437,chr2 224824617 A>G SYNONYMOUS_CODING
5/4,MRPL45,Translation,-0.292571,chr17 36478776 G/A: SNP: 3'UTR
8/3 clone 3,MRPL45,Translation,-0.0986116,NULL
8/3 clone 4,MRPL45,Translation,-0.133363,NULL
5/4,MRPL46,Translation,-0.0432808,NULL
8/3 clone 3,MRPL46,Translation,0.0283894,NULL
8/3 clone 4,MRPL46,Translation,-0.0920675,NULL
5/4,MRPL47,Translation,0.255678,NULL
8/3 clone 3,MRPL47,Translation,-0.0465121,NULL
8/3 clone 4,MRPL47,Translation,-0.061929,NULL
5/4,MRPL48,Translation,-0.287754,NULL
8/3 clone 3,MRPL48,Translation,-0.0899447,NULL
8/3 clone 4,MRPL48,Translation,-0.0873772,NULL
5/4,MRPL49,Translation,-0.347457,NULL
8/3 clone 3,MRPL49,Translation,0.134065,NULL
8/3 clone 4,MRPL49,Translation,0.0574586,NULL
5/4,MRPL50,Translation,-0.691954,NULL
8/3 clone 3,MRPL50,Translation,-0.0980217,NULL
8/3 clone 4,MRPL50,Translation,-0.308818,NULL
5/4,MRPL51,Translation,-0.142735,NULL
8/3 clone 3,MRPL51,Translation,0.0508107,NULL
8/3 clone 4,MRPL51,Translation,-0.104853,NULL
5/4,MRPL52,Translation,-0.125702,NULL
8/3 clone 3,MRPL52,Translation,0.121299,chr14 23303641 A>C UTR_3_PRIME
8/3 clone 4,MRPL52,Translation,-0.00426847,chr14 23303641 A>C UTR_3_PRIME
5/4,MRPL53,Translation,0,NULL
8/3 clone 3,MRPL53,Translation,-0.0598536,NULL
8/3 clone 4,MRPL53,Translation,-0.0405194,NULL
5/4,MRPL54,Translation,0.00890636,chr19 3765222 C/T: SNP: Silent
8/3 clone 3,MRPL54,Translation,-0.098699,NULL
8/3 clone 4,MRPL54,Translation,-0.149118,NULL
5/4,MRPL55,Translation,0.107307,NULL
8/3 clone 3,MRPL55,Translation,0.415023,chr1 228295502 C>T NON_SYNONYMOUS_CODING | chr1 228296012 C>T UTR_5_PRIME
8/3 clone 4,MRPL55,Translation,-0.00788737,chr1 228295502 C>T NON_SYNONYMOUS_CODING | chr1 228296012 C>T UTR_5_PRIME
5/4,MRPL9,Translation,-0.132006,NULL
8/3 clone 3,MRPL9,Translation,0.0306618,chr1 151735576 T>C NON_SYNONYMOUS_CODING
8/3 clone 4,MRPL9,Translation,-0.14015,chr1 151735576 T>C NON_SYNONYMOUS_CODING
5/4,MRPS10,Translation,-0.0671697,NULL
8/3 clone 3,MRPS10,Translation,0.0985954,NULL
8/3 clone 4,MRPS10,Translation,-0.132393,NULL
5/4,MRPS11,Translation,-0.0262856,NULL
8/3 clone 3,MRPS11,Translation,0.118316,NULL
8/3 clone 4,MRPS11,Translation,0.0148652,NULL
5/4,MRPS12,Translation,-0.316497,NULL
8/3 clone 3,MRPS12,Translation,0.0955234,NULL
8/3 clone 4,MRPS12,Translation,-0.156604,NULL
5/4,MRPS14,Translation,-0.578458,NULL
8/3 clone 3,MRPS14,Translation,-0.248014,NULL
8/3 clone 4,MRPS14,Translation,-0.159318,NULL
5/4,MRPS15,Translation,-0.416237,NULL
8/3 clone 3,MRPS15,Translation,0.0898816,NULL
8/3 clone 4,MRPS15,Translation,0.0350329,NULL
5/4,MRPS16,Translation,-0.056894,NULL
8/3 clone 3,MRPS16,Translation,0.0465228,chr10 75009107 T>A UTR_3_PRIME
8/3 clone 4,MRPS16,Translation,0.052238,chr10 75009107 T>A UTR_3_PRIME
5/4,MRPS17,Translation,-0.47862,NULL
8/3 clone 3,MRPS17,Translation,-0.0241154,NULL
8/3 clone 4,MRPS17,Translation,-0.287765,NULL
5/4,MRPS18A,Translation,-0.100983,NULL
8/3 clone 3,MRPS18A,Translation,0.109759,NULL
8/3 clone 4,MRPS18A,Translation,-0.00261844,NULL
5/4,MRPS18B,Translation,-0.381176,NULL
8/3 clone 3,MRPS18B,Translation,0.320307,NULL
8/3 clone 4,MRPS18B,Translation,0.0426341,NULL
5/4,MRPS18C,Translation,0.0873543,NULL
8/3 clone 3,MRPS18C,Translation,-0.0886174,NULL
8/3 clone 4,MRPS18C,Translation,-0.208024,NULL
5/4,MRPS2,Translation,-0.357249,NULL
8/3 clone 3,MRPS2,Translation,0.113994,NULL
8/3 clone 4,MRPS2,Translation,-0.00801462,NULL
5/4,MRPS21,Translation,-0.477955,NULL
8/3 clone 3,MRPS21,Translation,-0.0916664,NULL
8/3 clone 4,MRPS21,Translation,-0.135029,NULL
5/4,MRPS22,Translation,-0.0851847,NULL
8/3 clone 3,MRPS22,Translation,0.0397242,NULL
8/3 clone 4,MRPS22,Translation,-0.0603326,NULL
5/4,MRPS23,Translation,-0.359414,NULL
8/3 clone 3,MRPS23,Translation,0.0623564,NULL
8/3 clone 4,MRPS23,Translation,0.107175,NULL
5/4,MRPS24,Translation,0,NULL
8/3 clone 3,MRPS24,Translation,0.00396809,NULL
8/3 clone 4,MRPS24,Translation,-0.140879,NULL
5/4,MRPS25,Translation,0.0025793,NULL
8/3 clone 3,MRPS25,Translation,0.0603281,NULL
8/3 clone 4,MRPS25,Translation,-0.124068,NULL
5/4,MRPS26,Translation,-0.688225,NULL
8/3 clone 3,MRPS26,Translation,0.0547321,NULL
8/3 clone 4,MRPS26,Translation,-0.13493,NULL
5/4,MRPS27,Translation,-0.401445,NULL
8/3 clone 3,MRPS27,Translation,-0.300343,NULL
8/3 clone 4,MRPS27,Translation,-0.269886,NULL
5/4,MRPS28,Translation,-0.114515,NULL
8/3 clone 3,MRPS28,Translation,0.44315,NULL
8/3 clone 4,MRPS28,Translation,0.458526,NULL
5/4,MRPS30,Translation,0.834859,NULL
8/3 clone 3,MRPS30,Translation,0.0517771,NULL
8/3 clone 4,MRPS30,Translation,-0.149332,NULL
5/4,MRPS31,Translation,-0.292864,NULL
8/3 clone 3,MRPS31,Translation,-0.0558792,NULL
8/3 clone 4,MRPS31,Translation,-0.26939,NULL
5/4,MRPS33,Translation,-0.540767,NULL
8/3 clone 3,MRPS33,Translation,-0.177801,chr7 140706157 G>T UTR_3_PRIME
8/3 clone 4,MRPS33,Translation,-0.166635,chr7 140706031 G>A UTR_3_PRIME | chr7 140706157 G>T UTR_3_PRIME
5/4,MRPS34,Translation,-0.327506,NULL
8/3 clone 3,MRPS34,Translation,0.055815,NULL
8/3 clone 4,MRPS34,Translation,-0.151907,NULL
5/4,MRPS35,Translation,-0.183574,NULL
8/3 clone 3,MRPS35,Translation,-0.0579603,NULL
8/3 clone 4,MRPS35,Translation,-0.190929,NULL
5/4,MRPS36,Translation,0.106653,NULL
8/3 clone 3,MRPS36,Translation,-0.357648,NULL
8/3 clone 4,MRPS36,Translation,-0.0815098,NULL
5/4,MRPS5,Translation,-0.119986,NULL
8/3 clone 3,MRPS5,Translation,-0.0697278,NULL
8/3 clone 4,MRPS5,Translation,-0.179265,NULL
5/4,MRPS6,Translation,0,NULL
8/3 clone 3,MRPS6,Translation,-0.33583,chr21 35515117 G>A UTR_3_PRIME
8/3 clone 4,MRPS6,Translation,-0.0723524,chr21 35515117 G>A UTR_3_PRIME
5/4,MRPS7,Translation,-0.916785,NULL
8/3 clone 3,MRPS7,Translation,0.0731239,NULL
8/3 clone 4,MRPS7,Translation,-0.0113833,NULL
5/4,MRPS9,Translation,-0.219885,NULL
8/3 clone 3,MRPS9,Translation,0.0406048,NULL
8/3 clone 4,MRPS9,Translation,-0.140931,NULL
5/4,MRRF,Translation,-0.694552,NULL
8/3 clone 3,MRRF,Translation,-0.0114183,NULL
8/3 clone 4,MRRF,Translation,-0.268859,NULL
5/4,MTFMT,Translation,-0.165816,NULL
8/3 clone 3,MTFMT,Translation,-0.0609679,NULL
8/3 clone 4,MTFMT,Translation,-0.162312,NULL
5/4,MTIF2,Translation,-0.377584,NULL
8/3 clone 3,MTIF2,Translation,-0.017933,chr2 55490819 G>T NON_SYNONYMOUS_CODING
8/3 clone 4,MTIF2,Translation,-0.222156,chr2 55490819 G>T NON_SYNONYMOUS_CODING
5/4,MTIF3,Translation,0.0128224,NULL
8/3 clone 3,MTIF3,Translation,-0.248317,NULL
8/3 clone 4,MTIF3,Translation,-0.288652,NULL
5/4,MTRF1,Translation,-0.241338,NULL
8/3 clone 3,MTRF1,Translation,-0.131313,NULL
8/3 clone 4,MTRF1,Translation,-0.241532,NULL
5/4,MTRF1L,Translation,-0.0400514,NULL
8/3 clone 3,MTRF1L,Translation,-0.138915,NULL
8/3 clone 4,MTRF1L,Translation,-0.0737061,NULL
5/4,NARS2,Translation,-0.679407,NULL
8/3 clone 3,NARS2,Translation,0.146368,chr11 78279790 T>G NON_SYNONYMOUS_CODING
8/3 clone 4,NARS2,Translation,0.00215424,NULL
5/4,OXA1L,Translation,-0.135429,NULL
8/3 clone 3,OXA1L,Translation,0.0711013,NULL
8/3 clone 4,OXA1L,Translation,-0.134244,NULL
5/4,PARS2,Translation,-0.512162,NULL
8/3 clone 3,PARS2,Translation,0.242163,NULL
8/3 clone 4,PARS2,Translation,-0.125143,NULL
5/4,PET112,Translation,0.128222,NULL
8/3 clone 3,PET112,Translation,0.17612,NULL
8/3 clone 4,PET112,Translation,-0.127724,NULL
5/4,PHB,Translation,-0.36865,NULL
8/3 clone 3,PHB,Translation,0.085451,chr17 47481514 T>C UTR_3_PRIME | chr17 47481530 G>A UTR_3_PRIME
8/3 clone 4,PHB,Translation,-0.00715638,chr17 47481514 T>C UTR_3_PRIME | chr17 47481530 G>A UTR_3_PRIME
5/4,PHB2,Translation,-0.143948,NULL
8/3 clone 3,PHB2,Translation,0.0269165,NULL
8/3 clone 4,PHB2,Translation,-0.13708,NULL
5/4,PTCD3,Translation,-0.379742,NULL
8/3 clone 3,PTCD3,Translation,0.0493522,chr2 86364706 TG>T UTR_3_PRIME
8/3 clone 4,PTCD3,Translation,-0.121408,chr2 86364706 TG>T UTR_3_PRIME
5/4,QRSL1,Translation,0.0432527,NULL
8/3 clone 3,QRSL1,Translation,-0.152393,NULL
8/3 clone 4,QRSL1,Translation,-0.166866,NULL
5/4,RARS2,Translation,-0.071983,NULL
8/3 clone 3,RARS2,Translation,-0.095816,chr6 88240570 C>T NON_SYNONYMOUS_CODING
8/3 clone 4,RARS2,Translation,0.0121963,chr6 88240570 C>T NON_SYNONYMOUS_CODING
5/4,RNASEL,Translation,0.191194,NULL
8/3 clone 3,RNASEL,Translation,-0.111458,NULL
8/3 clone 4,RNASEL,Translation,-0.154813,NULL
5/4,SARS2,Translation,-0.0838621,NULL
8/3 clone 3,SARS2,Translation,0.0739758,NULL
8/3 clone 4,SARS2,Translation,0.00904901,NULL
5/4,TACO1,Translation,-0.65952,NULL
8/3 clone 3,TACO1,Translation,0.0303413,NULL
8/3 clone 4,TACO1,Translation,0.0441398,NULL
5/4,TARS2,Translation,-0.353184,NULL
8/3 clone 3,TARS2,Translation,-0.0448829,NULL
8/3 clone 4,TARS2,Translation,-0.210968,NULL
5/4,TSFM,Translation,-0.194598,NULL
8/3 clone 3,TSFM,Translation,0.024256,NULL
8/3 clone 4,TSFM,Translation,-0.117533,NULL
5/4,TUFM,Translation,-0.403638,NULL
8/3 clone 3,TUFM,Translation,0.0239065,NULL
8/3 clone 4,TUFM,Translation,-0.106582,NULL
5/4,VARS2,Translation,0.221235,NULL
8/3 clone 3,VARS2,Translation,-0.0296459,chr6 30893728 C>T SYNONYMOUS_CODING | chr6 30893941 G>A NON_SYNONYMOUS_CODING | chr12 32908518 G>A SYNONYMOUS_CODING
8/3 clone 4,VARS2,Translation,0.052828,chr6 30893941 G>A NON_SYNONYMOUS_CODING
5/4,WARS2,Translation,0.162982,NULL
8/3 clone 3,WARS2,Translation,-0.0574034,NULL
8/3 clone 4,WARS2,Translation,-0.105353,NULL
5/4,YARS2,Translation,-0.268674,NULL
8/3 clone 3,YARS2,Translation,-0.188529,NULL
8/3 clone 4,YARS2,Translation,-0.163053,chr12 32908518 G>A SYNONYMOUS_CODING
5/4,ACO2,Tricarboxylic acid cycle,0.711058,NULL
8/3 clone 3,ACO2,Tricarboxylic acid cycle,0.0335055,NULL
8/3 clone 4,ACO2,Tricarboxylic acid cycle,0.107476,NULL
5/4,CS,Tricarboxylic acid cycle,0.0554046,NULL
8/3 clone 3,CS,Tricarboxylic acid cycle,-0.0503214,NULL
8/3 clone 4,CS,Tricarboxylic acid cycle,-0.000261202,NULL
5/4,DLD,Tricarboxylic acid cycle,0.174983,NULL
8/3 clone 3,DLD,Tricarboxylic acid cycle,-0.0887838,chr7 107560191 C>T UTR_3_PRIME
8/3 clone 4,DLD,Tricarboxylic acid cycle,0.00178492,chr7 107560191 C>T UTR_3_PRIME
5/4,DLST,Tricarboxylic acid cycle,-0.0709851,NULL
8/3 clone 3,DLST,Tricarboxylic acid cycle,-0.021748,NULL
8/3 clone 4,DLST,Tricarboxylic acid cycle,-0.0193699,NULL
5/4,FH,Tricarboxylic acid cycle,0.228732,NULL
8/3 clone 3,FH,Tricarboxylic acid cycle,0.0146821,NULL
8/3 clone 4,FH,Tricarboxylic acid cycle,-0.195075,NULL
5/4,IDH1,Tricarboxylic acid cycle,-0.133878,chr2 209101623 A/C: SNP: 3'UTR
8/3 clone 3,IDH1,Tricarboxylic acid cycle,-0.00638957,NULL
8/3 clone 4,IDH1,Tricarboxylic acid cycle,0.130127,NULL
5/4,IDH2,Tricarboxylic acid cycle,-0.0451564,NULL
8/3 clone 3,IDH2,Tricarboxylic acid cycle,0.047355,NULL
8/3 clone 4,IDH2,Tricarboxylic acid cycle,0.0162712,chr15 90631825 G>A SYNONYMOUS_CODING
5/4,IDH3A,Tricarboxylic acid cycle,0.258459,NULL
8/3 clone 3,IDH3A,Tricarboxylic acid cycle,-0.183692,NULL
8/3 clone 4,IDH3A,Tricarboxylic acid cycle,-0.0488134,NULL
5/4,IDH3B,Tricarboxylic acid cycle,0.283195,chr20 2640188 CCTT/C: DEL: Frame_Shift_Del
8/3 clone 3,IDH3B,Tricarboxylic acid cycle,-0.149841,NULL
8/3 clone 4,IDH3B,Tricarboxylic acid cycle,-0.178582,NULL
5/4,IDH3G,Tricarboxylic acid cycle,-0.121423,NULL
8/3 clone 3,IDH3G,Tricarboxylic acid cycle,0.117565,NULL
8/3 clone 4,IDH3G,Tricarboxylic acid cycle,0.071899,NULL
5/4,MDH2,Tricarboxylic acid cycle,-0.312711,NULL
8/3 clone 3,MDH2,Tricarboxylic acid cycle,-0.0520253,NULL
8/3 clone 4,MDH2,Tricarboxylic acid cycle,-0.211619,NULL
5/4,OGDH,Tricarboxylic acid cycle,0.318402,NULL
8/3 clone 3,OGDH,Tricarboxylic acid cycle,0.119817,NULL
8/3 clone 4,OGDH,Tricarboxylic acid cycle,0.154224,NULL
5/4,SDHA,Tricarboxylic acid cycle,0.864782,NULL
8/3 clone 3,SDHA,Tricarboxylic acid cycle,0.138886,NULL
8/3 clone 4,SDHA,Tricarboxylic acid cycle,0.0739668,NULL
5/4,SDHB,Tricarboxylic acid cycle,0.0233321,NULL
8/3 clone 3,SDHB,Tricarboxylic acid cycle,-0.0136701,NULL
8/3 clone 4,SDHB,Tricarboxylic acid cycle,-0.0702167,NULL
5/4,SDHC,Tricarboxylic acid cycle,0.189022,NULL
8/3 clone 3,SDHC,Tricarboxylic acid cycle,-0.0878479,NULL
8/3 clone 4,SDHC,Tricarboxylic acid cycle,0.0628977,NULL
5/4,SDHD,Tricarboxylic acid cycle,-0.329465,NULL
8/3 clone 3,SDHD,Tricarboxylic acid cycle,-0.193053,NULL
8/3 clone 4,SDHD,Tricarboxylic acid cycle,-0.214241,NULL
5/4,SUCLA2,Tricarboxylic acid cycle,0.265962,NULL
8/3 clone 3,SUCLA2,Tricarboxylic acid cycle,-0.0544484,NULL
8/3 clone 4,SUCLA2,Tricarboxylic acid cycle,0.0966849,NULL
5/4,SUCLG1,Tricarboxylic acid cycle,-0.151931,NULL
8/3 clone 3,SUCLG1,Tricarboxylic acid cycle,-0.0983999,NULL
8/3 clone 4,SUCLG1,Tricarboxylic acid cycle,-0.110769,NULL
5/4,SUCLG2,Tricarboxylic acid cycle,-0.270807,NULL
8/3 clone 3,SUCLG2,Tricarboxylic acid cycle,0.179433,NULL
8/3 clone 4,SUCLG2,Tricarboxylic acid cycle,-0.0971717,NULL
5/4,ARG2,Urea Cycle,0.378204,NULL
8/3 clone 3,ARG2,Urea Cycle,0.276393,NULL
8/3 clone 4,ARG2,Urea Cycle,0.182306,NULL
5/4,ASL,Urea Cycle,0.134628,NULL
8/3 clone 3,ASL,Urea Cycle,0.14367,NULL
8/3 clone 4,ASL,Urea Cycle,0.147646,NULL
5/4,ASS1,Urea Cycle,-0.694237,NULL
8/3 clone 3,ASS1,Urea Cycle,0.217205,NULL
8/3 clone 4,ASS1,Urea Cycle,-0.183861,NULL
5/4,CPS1,Urea Cycle,-0.927756,NULL
8/3 clone 3,CPS1,Urea Cycle,-0.123005,NULL
8/3 clone 4,CPS1,Urea Cycle,0.00700915,NULL
